GAS LISTING /tmp/cccAOPjJ.s 			page 1


   1              		.file	"syscall_cpp.cpp"
   2              		.option pic
   3              		.option norelax
   4              		.text
   5              	.Ltext0:
   6              		.section	.text._ZN6Thread3runEv,"axG",@progbits,_ZN6Thread3runEv,comdat
   7              		.align	2
   8              		.weak	_ZN6Thread3runEv
  10              	_ZN6Thread3runEv:
  11              	.LFB33:
  12              		.file 1 "src/../h/syscall_cpp.hpp"
   1:src/../h/syscall_cpp.hpp **** #ifndef OS_PROJECT_BASE_SYSCALL_CPP
   2:src/../h/syscall_cpp.hpp **** #define OS_PROJECT_BASE_SYSCALL_CPP
   3:src/../h/syscall_cpp.hpp **** 
   4:src/../h/syscall_cpp.hpp **** #include "../h/TCB.hpp"
   5:src/../h/syscall_cpp.hpp **** #include "../h/semaphore.hpp"
   6:src/../h/syscall_cpp.hpp **** #include "syscall_c.hpp"
   7:src/../h/syscall_cpp.hpp **** 
   8:src/../h/syscall_cpp.hpp **** class Semaphore {
   9:src/../h/syscall_cpp.hpp **** public:
  10:src/../h/syscall_cpp.hpp ****     Semaphore (unsigned init = 1);
  11:src/../h/syscall_cpp.hpp ****     virtual ~Semaphore ();
  12:src/../h/syscall_cpp.hpp ****     int wait ();
  13:src/../h/syscall_cpp.hpp ****     int signal ();
  14:src/../h/syscall_cpp.hpp ****     int timedWait (time_t);
  15:src/../h/syscall_cpp.hpp ****     int tryWait();
  16:src/../h/syscall_cpp.hpp **** private:
  17:src/../h/syscall_cpp.hpp ****     sem_t myHandle;
  18:src/../h/syscall_cpp.hpp **** };
  19:src/../h/syscall_cpp.hpp **** 
  20:src/../h/syscall_cpp.hpp **** 
  21:src/../h/syscall_cpp.hpp **** 
  22:src/../h/syscall_cpp.hpp **** void* operator new (size_t t);
  23:src/../h/syscall_cpp.hpp **** void operator delete (void* p) noexcept;
  24:src/../h/syscall_cpp.hpp **** class Thread {
  25:src/../h/syscall_cpp.hpp **** public:
  26:src/../h/syscall_cpp.hpp ****     Thread (void (*body)(void*), void* arg);
  27:src/../h/syscall_cpp.hpp ****     virtual ~Thread ();
  28:src/../h/syscall_cpp.hpp ****     int start ();
  29:src/../h/syscall_cpp.hpp ****     static void dispatch ();
  30:src/../h/syscall_cpp.hpp ****     static int sleep (time_t);
  31:src/../h/syscall_cpp.hpp ****     static void SetMaximumThreads(int num_of_threads = 5);
  32:src/../h/syscall_cpp.hpp ****     static Semaphore *maxThreadsSemaphore;
  33:src/../h/syscall_cpp.hpp ****     static void finished();
  34:src/../h/syscall_cpp.hpp **** protected:
  35:src/../h/syscall_cpp.hpp ****     Thread ();
  36:src/../h/syscall_cpp.hpp ****     virtual void run () {}
  13              		.loc 1 36 18
  14              		.cfi_startproc
  15              	.LVL0:
  16 0000 130101FF 		addi	sp,sp,-16
  17              		.cfi_def_cfa_offset 16
  18 0004 23348100 		sd	s0,8(sp)
  19              		.cfi_offset 8, -8
  20 0008 13040101 		addi	s0,sp,16
  21              		.cfi_def_cfa 8, 0
  22              		.loc 1 36 26 is_stmt 0
GAS LISTING /tmp/cccAOPjJ.s 			page 2


  23 000c 03348100 		ld	s0,8(sp)
  24              		.cfi_restore 8
  25              		.cfi_def_cfa 2, 16
  26 0010 13010101 		addi	sp,sp,16
  27              		.cfi_def_cfa_offset 0
  28 0014 67800000 		jr	ra
  29              		.cfi_endproc
  30              	.LFE33:
  32              		.section	.text._ZN6Thread7wrapperEPv,"axG",@progbits,_ZN6Thread7wrapperEPv,comdat
  33              		.align	2
  34              		.weak	_ZN6Thread7wrapperEPv
  36              	_ZN6Thread7wrapperEPv:
  37              	.LFB34:
  37:src/../h/syscall_cpp.hpp **** private:
  38:src/../h/syscall_cpp.hpp **** 
  39:src/../h/syscall_cpp.hpp ****     thread_t myHandle;
  40:src/../h/syscall_cpp.hpp ****     void (*body)(void*);
  41:src/../h/syscall_cpp.hpp ****     void* arg;
  42:src/../h/syscall_cpp.hpp ****     static void wrapper(void* thread) {
  38              		.loc 1 42 17 is_stmt 1
  39              		.cfi_startproc
  40              	.LVL1:
  43:src/../h/syscall_cpp.hpp ****         if (thread) {
  41              		.loc 1 43 9
  42 0000 63080502 		beqz	a0,.L6
  42:src/../h/syscall_cpp.hpp ****         if (thread) {
  43              		.loc 1 42 17 is_stmt 0
  44 0004 130101FF 		addi	sp,sp,-16
  45              		.cfi_def_cfa_offset 16
  46 0008 23341100 		sd	ra,8(sp)
  47 000c 23308100 		sd	s0,0(sp)
  48              		.cfi_offset 1, -8
  49              		.cfi_offset 8, -16
  50 0010 13040101 		addi	s0,sp,16
  51              		.cfi_def_cfa 8, 0
  44:src/../h/syscall_cpp.hpp ****             ((Thread*)thread)->run();
  52              		.loc 1 44 13 is_stmt 1
  53              		.loc 1 44 36 is_stmt 0
  54 0014 83370500 		ld	a5,0(a0)
  55 0018 83B70701 		ld	a5,16(a5)
  56              		.loc 1 44 35
  57 001c E7800700 		jalr	a5
  58              	.LVL2:
  45:src/../h/syscall_cpp.hpp ****         }
  46:src/../h/syscall_cpp.hpp ****     }
  59              		.loc 1 46 5
  60 0020 83308100 		ld	ra,8(sp)
  61              		.cfi_restore 1
  62 0024 03340100 		ld	s0,0(sp)
  63              		.cfi_restore 8
  64              		.cfi_def_cfa 2, 16
  65 0028 13010101 		addi	sp,sp,16
  66              		.cfi_def_cfa_offset 0
  67 002c 67800000 		jr	ra
  68              	.LVL3:
  69              	.L6:
  70 0030 67800000 		ret
GAS LISTING /tmp/cccAOPjJ.s 			page 3


  71              		.cfi_endproc
  72              	.LFE34:
  74              		.section	.text._ZN14PeriodicThread18periodicActivationEv,"axG",@progbits,_ZN14PeriodicThread18peri
  75              		.align	2
  76              		.weak	_ZN14PeriodicThread18periodicActivationEv
  78              	_ZN14PeriodicThread18periodicActivationEv:
  79              	.LFB35:
  47:src/../h/syscall_cpp.hpp **** };
  48:src/../h/syscall_cpp.hpp **** 
  49:src/../h/syscall_cpp.hpp **** class PeriodicThread : public Thread {
  50:src/../h/syscall_cpp.hpp **** public:
  51:src/../h/syscall_cpp.hpp ****     void terminate ();
  52:src/../h/syscall_cpp.hpp **** protected:
  53:src/../h/syscall_cpp.hpp ****     PeriodicThread (time_t period);
  54:src/../h/syscall_cpp.hpp ****     virtual void periodicActivation () {}
  80              		.loc 1 54 18 is_stmt 1
  81              		.cfi_startproc
  82              	.LVL4:
  83 0000 130101FF 		addi	sp,sp,-16
  84              		.cfi_def_cfa_offset 16
  85 0004 23348100 		sd	s0,8(sp)
  86              		.cfi_offset 8, -8
  87 0008 13040101 		addi	s0,sp,16
  88              		.cfi_def_cfa 8, 0
  89              		.loc 1 54 41 is_stmt 0
  90 000c 03348100 		ld	s0,8(sp)
  91              		.cfi_restore 8
  92              		.cfi_def_cfa 2, 16
  93 0010 13010101 		addi	sp,sp,16
  94              		.cfi_def_cfa_offset 0
  95 0014 67800000 		jr	ra
  96              		.cfi_endproc
  97              	.LFE35:
  99              		.text
 100              		.align	2
 101              		.globl	_ZN9SemaphoreD2Ev
 103              	_ZN9SemaphoreD2Ev:
 104              	.LFB57:
 105              		.file 2 "src/syscall_cpp.cpp"
   1:src/syscall_cpp.cpp **** #include "../h/syscall_cpp.hpp"
   2:src/syscall_cpp.cpp **** #include "../h/syscall_c.hpp"
   3:src/syscall_cpp.cpp **** 
   4:src/syscall_cpp.cpp **** Semaphore* Thread::maxThreadsSemaphore = nullptr;
   5:src/syscall_cpp.cpp **** 
   6:src/syscall_cpp.cpp **** Thread::Thread(void (*body)(void *), void *arg) {
   7:src/syscall_cpp.cpp ****     this->body = body;
   8:src/syscall_cpp.cpp ****     this->arg = arg;
   9:src/syscall_cpp.cpp ****     this->myHandle = nullptr;
  10:src/syscall_cpp.cpp **** }
  11:src/syscall_cpp.cpp **** 
  12:src/syscall_cpp.cpp **** Thread::Thread() {
  13:src/syscall_cpp.cpp ****    this->body = wrapper;
  14:src/syscall_cpp.cpp ****    this->arg = this;
  15:src/syscall_cpp.cpp ****    this->myHandle = nullptr;
  16:src/syscall_cpp.cpp **** }
  17:src/syscall_cpp.cpp **** 
  18:src/syscall_cpp.cpp **** void Thread::finished() {
GAS LISTING /tmp/cccAOPjJ.s 			page 4


  19:src/syscall_cpp.cpp ****     if(maxThreadsSemaphore != nullptr)
  20:src/syscall_cpp.cpp ****         Thread::maxThreadsSemaphore->signal();
  21:src/syscall_cpp.cpp **** }
  22:src/syscall_cpp.cpp **** 
  23:src/syscall_cpp.cpp **** void Thread::dispatch() {
  24:src/syscall_cpp.cpp ****     thread_dispatch();
  25:src/syscall_cpp.cpp **** }
  26:src/syscall_cpp.cpp **** 
  27:src/syscall_cpp.cpp **** Thread::~Thread() {
  28:src/syscall_cpp.cpp ****     if(Thread::maxThreadsSemaphore != nullptr)
  29:src/syscall_cpp.cpp ****         Thread::maxThreadsSemaphore->signal();
  30:src/syscall_cpp.cpp ****     delete this->myHandle;
  31:src/syscall_cpp.cpp **** }
  32:src/syscall_cpp.cpp **** 
  33:src/syscall_cpp.cpp **** int Thread::sleep(time_t time) {
  34:src/syscall_cpp.cpp ****     return (int) time_sleep(time);
  35:src/syscall_cpp.cpp **** 
  36:src/syscall_cpp.cpp **** }
  37:src/syscall_cpp.cpp **** 
  38:src/syscall_cpp.cpp **** void Thread::SetMaximumThreads(int num_of_threads) {
  39:src/syscall_cpp.cpp ****     Thread::maxThreadsSemaphore = new Semaphore(num_of_threads);
  40:src/syscall_cpp.cpp **** 
  41:src/syscall_cpp.cpp **** }
  42:src/syscall_cpp.cpp **** 
  43:src/syscall_cpp.cpp **** 
  44:src/syscall_cpp.cpp **** int Thread::start() {
  45:src/syscall_cpp.cpp ****     if(Thread::maxThreadsSemaphore != nullptr)
  46:src/syscall_cpp.cpp ****         Thread::maxThreadsSemaphore->wait();
  47:src/syscall_cpp.cpp ****     return thread_create(&this->myHandle,body,arg);
  48:src/syscall_cpp.cpp **** }
  49:src/syscall_cpp.cpp **** 
  50:src/syscall_cpp.cpp **** char Console::getc() {
  51:src/syscall_cpp.cpp ****     return ::getc();
  52:src/syscall_cpp.cpp **** }
  53:src/syscall_cpp.cpp **** 
  54:src/syscall_cpp.cpp **** void Console::putc(char c) {
  55:src/syscall_cpp.cpp ****     ::putc(c);
  56:src/syscall_cpp.cpp **** }
  57:src/syscall_cpp.cpp **** 
  58:src/syscall_cpp.cpp **** Semaphore::Semaphore(unsigned int init) {
  59:src/syscall_cpp.cpp ****     sem_open(&this->myHandle,init);
  60:src/syscall_cpp.cpp **** }
  61:src/syscall_cpp.cpp **** 
  62:src/syscall_cpp.cpp **** Semaphore::~Semaphore() {
 106              		.loc 2 62 1 is_stmt 1
 107              		.cfi_startproc
 108              		.cfi_personality 0x9b,DW.ref.__gxx_personality_v0
 109              		.cfi_lsda 0x1b,.LLSDA57
 110              	.LVL5:
 111 0000 130101FF 		addi	sp,sp,-16
 112              		.cfi_def_cfa_offset 16
 113 0004 23341100 		sd	ra,8(sp)
 114 0008 23308100 		sd	s0,0(sp)
 115              		.cfi_offset 1, -8
 116              		.cfi_offset 8, -16
 117 000c 13040101 		addi	s0,sp,16
 118              		.cfi_def_cfa 8, 0
GAS LISTING /tmp/cccAOPjJ.s 			page 5


 119              	.LBB9:
 120              		.loc 2 62 23 is_stmt 0
 121 0010 97070000 		lla	a5,_ZTV9Semaphore+16
 121      93870700 
 122 0018 2330F500 		sd	a5,0(a0)
  63:src/syscall_cpp.cpp ****     sem_close(this->myHandle);
 123              		.loc 2 63 5 is_stmt 1
 124              		.loc 2 63 14 is_stmt 0
 125 001c 03358500 		ld	a0,8(a0)
 126              	.LVL6:
 127 0020 97000000 		call	_Z9sem_closeP3sem@plt
 127      E7800000 
 128              	.LVL7:
 129              	.LBE9:
  64:src/syscall_cpp.cpp **** }
 130              		.loc 2 64 1
 131 0028 83308100 		ld	ra,8(sp)
 132              		.cfi_restore 1
 133 002c 03340100 		ld	s0,0(sp)
 134              		.cfi_restore 8
 135              		.cfi_def_cfa 2, 16
 136 0030 13010101 		addi	sp,sp,16
 137              		.cfi_def_cfa_offset 0
 138 0034 67800000 		jr	ra
 139              		.cfi_endproc
 140              	.LFE57:
 141              		.globl	__gxx_personality_v0
 142              		.section	.gcc_except_table,"a",@progbits
 143              	.LLSDA57:
 144 0000 FF       		.byte	0xff
 145 0001 FF       		.byte	0xff
 146 0002 03       		.byte	0x3
 147 0003 00       		.byte	0
 148              		.text
 150              		.globl	_ZN9SemaphoreD1Ev
 151              		.set	_ZN9SemaphoreD1Ev,_ZN9SemaphoreD2Ev
 152              		.align	2
 153              		.globl	_ZN9SemaphoreD0Ev
 155              	_ZN9SemaphoreD0Ev:
 156              	.LFB59:
  62:src/syscall_cpp.cpp ****     sem_close(this->myHandle);
 157              		.loc 2 62 1 is_stmt 1
 158              		.cfi_startproc
 159              	.LVL8:
 160 0038 130101FE 		addi	sp,sp,-32
 161              		.cfi_def_cfa_offset 32
 162 003c 233C1100 		sd	ra,24(sp)
 163 0040 23388100 		sd	s0,16(sp)
 164 0044 23349100 		sd	s1,8(sp)
 165              		.cfi_offset 1, -8
 166              		.cfi_offset 8, -16
 167              		.cfi_offset 9, -24
 168 0048 13040102 		addi	s0,sp,32
 169              		.cfi_def_cfa 8, 0
 170 004c 93040500 		mv	s1,a0
 171              		.loc 2 64 1 is_stmt 0
 172 0050 97000000 		call	_ZN9SemaphoreD1Ev
GAS LISTING /tmp/cccAOPjJ.s 			page 6


 172      E7800000 
 173              	.LVL9:
 174 0058 13850400 		mv	a0,s1
 175 005c 97000000 		call	_ZdlPv@plt
 175      E7800000 
 176              	.LVL10:
 177 0064 83308101 		ld	ra,24(sp)
 178              		.cfi_restore 1
 179 0068 03340101 		ld	s0,16(sp)
 180              		.cfi_restore 8
 181              		.cfi_def_cfa 2, 32
 182 006c 83348100 		ld	s1,8(sp)
 183              		.cfi_restore 9
 184              	.LVL11:
 185 0070 13010102 		addi	sp,sp,32
 186              		.cfi_def_cfa_offset 0
 187 0074 67800000 		jr	ra
 188              		.cfi_endproc
 189              	.LFE59:
 191              		.align	2
 192              		.globl	_ZN6ThreadC2EPFvPvES0_
 194              	_ZN6ThreadC2EPFvPvES0_:
 195              	.LFB37:
   6:src/syscall_cpp.cpp ****     this->body = body;
 196              		.loc 2 6 1 is_stmt 1
 197              		.cfi_startproc
 198              	.LVL12:
 199 0078 130101FF 		addi	sp,sp,-16
 200              		.cfi_def_cfa_offset 16
 201 007c 23348100 		sd	s0,8(sp)
 202              		.cfi_offset 8, -8
 203 0080 13040101 		addi	s0,sp,16
 204              		.cfi_def_cfa 8, 0
 205              	.LBB10:
   6:src/syscall_cpp.cpp ****     this->body = body;
 206              		.loc 2 6 47 is_stmt 0
 207 0084 97070000 		lla	a5,_ZTV6Thread+16
 207      93870700 
 208 008c 2330F500 		sd	a5,0(a0)
   7:src/syscall_cpp.cpp ****     this->arg = arg;
 209              		.loc 2 7 5 is_stmt 1
   7:src/syscall_cpp.cpp ****     this->arg = arg;
 210              		.loc 2 7 16 is_stmt 0
 211 0090 2338B500 		sd	a1,16(a0)
   8:src/syscall_cpp.cpp ****     this->myHandle = nullptr;
 212              		.loc 2 8 5 is_stmt 1
   8:src/syscall_cpp.cpp ****     this->myHandle = nullptr;
 213              		.loc 2 8 15 is_stmt 0
 214 0094 233CC500 		sd	a2,24(a0)
   9:src/syscall_cpp.cpp **** }
 215              		.loc 2 9 5 is_stmt 1
   9:src/syscall_cpp.cpp **** }
 216              		.loc 2 9 20 is_stmt 0
 217 0098 23340500 		sd	zero,8(a0)
 218              	.LBE10:
  10:src/syscall_cpp.cpp **** 
 219              		.loc 2 10 1
GAS LISTING /tmp/cccAOPjJ.s 			page 7


 220 009c 03348100 		ld	s0,8(sp)
 221              		.cfi_restore 8
 222              		.cfi_def_cfa 2, 16
 223 00a0 13010101 		addi	sp,sp,16
 224              		.cfi_def_cfa_offset 0
 225 00a4 67800000 		jr	ra
 226              		.cfi_endproc
 227              	.LFE37:
 229              		.globl	_ZN6ThreadC1EPFvPvES0_
 230              		.set	_ZN6ThreadC1EPFvPvES0_,_ZN6ThreadC2EPFvPvES0_
 231              		.align	2
 232              		.globl	_ZN6ThreadC2Ev
 234              	_ZN6ThreadC2Ev:
 235              	.LFB40:
  12:src/syscall_cpp.cpp ****    this->body = wrapper;
 236              		.loc 2 12 1 is_stmt 1
 237              		.cfi_startproc
 238              	.LVL13:
 239 00a8 130101FF 		addi	sp,sp,-16
 240              		.cfi_def_cfa_offset 16
 241 00ac 23348100 		sd	s0,8(sp)
 242              		.cfi_offset 8, -8
 243 00b0 13040101 		addi	s0,sp,16
 244              		.cfi_def_cfa 8, 0
 245              	.LBB11:
  12:src/syscall_cpp.cpp ****    this->body = wrapper;
 246              		.loc 2 12 16 is_stmt 0
 247 00b4 97070000 		lla	a5,_ZTV6Thread+16
 247      93870700 
 248 00bc 2330F500 		sd	a5,0(a0)
  13:src/syscall_cpp.cpp ****    this->arg = this;
 249              		.loc 2 13 4 is_stmt 1
  13:src/syscall_cpp.cpp ****    this->arg = this;
 250              		.loc 2 13 15 is_stmt 0
 251 00c0 97070000 		lla	a5,_ZN6Thread7wrapperEPv
 251      93870700 
 252 00c8 2338F500 		sd	a5,16(a0)
  14:src/syscall_cpp.cpp ****    this->myHandle = nullptr;
 253              		.loc 2 14 4 is_stmt 1
  14:src/syscall_cpp.cpp ****    this->myHandle = nullptr;
 254              		.loc 2 14 14 is_stmt 0
 255 00cc 233CA500 		sd	a0,24(a0)
  15:src/syscall_cpp.cpp **** }
 256              		.loc 2 15 4 is_stmt 1
  15:src/syscall_cpp.cpp **** }
 257              		.loc 2 15 19 is_stmt 0
 258 00d0 23340500 		sd	zero,8(a0)
 259              	.LBE11:
  16:src/syscall_cpp.cpp **** 
 260              		.loc 2 16 1
 261 00d4 03348100 		ld	s0,8(sp)
 262              		.cfi_restore 8
 263              		.cfi_def_cfa 2, 16
 264 00d8 13010101 		addi	sp,sp,16
 265              		.cfi_def_cfa_offset 0
 266 00dc 67800000 		jr	ra
 267              		.cfi_endproc
GAS LISTING /tmp/cccAOPjJ.s 			page 8


 268              	.LFE40:
 270              		.globl	_ZN6ThreadC1Ev
 271              		.set	_ZN6ThreadC1Ev,_ZN6ThreadC2Ev
 272              		.align	2
 273              		.globl	_ZN6Thread8dispatchEv
 275              	_ZN6Thread8dispatchEv:
 276              	.LFB43:
  23:src/syscall_cpp.cpp ****     thread_dispatch();
 277              		.loc 2 23 25 is_stmt 1
 278              		.cfi_startproc
 279 00e0 130101FF 		addi	sp,sp,-16
 280              		.cfi_def_cfa_offset 16
 281 00e4 23341100 		sd	ra,8(sp)
 282 00e8 23308100 		sd	s0,0(sp)
 283              		.cfi_offset 1, -8
 284              		.cfi_offset 8, -16
 285 00ec 13040101 		addi	s0,sp,16
 286              		.cfi_def_cfa 8, 0
  24:src/syscall_cpp.cpp **** }
 287              		.loc 2 24 5
  24:src/syscall_cpp.cpp **** }
 288              		.loc 2 24 20 is_stmt 0
 289 00f0 97000000 		call	_Z15thread_dispatchv@plt
 289      E7800000 
 290              	.LVL14:
  25:src/syscall_cpp.cpp **** 
 291              		.loc 2 25 1
 292 00f8 83308100 		ld	ra,8(sp)
 293              		.cfi_restore 1
 294 00fc 03340100 		ld	s0,0(sp)
 295              		.cfi_restore 8
 296              		.cfi_def_cfa 2, 16
 297 0100 13010101 		addi	sp,sp,16
 298              		.cfi_def_cfa_offset 0
 299 0104 67800000 		jr	ra
 300              		.cfi_endproc
 301              	.LFE43:
 303              		.align	2
 304              		.globl	_ZN6Thread5sleepEm
 306              	_ZN6Thread5sleepEm:
 307              	.LFB48:
  33:src/syscall_cpp.cpp ****     return (int) time_sleep(time);
 308              		.loc 2 33 32 is_stmt 1
 309              		.cfi_startproc
 310              	.LVL15:
 311 0108 130101FF 		addi	sp,sp,-16
 312              		.cfi_def_cfa_offset 16
 313 010c 23341100 		sd	ra,8(sp)
 314 0110 23308100 		sd	s0,0(sp)
 315              		.cfi_offset 1, -8
 316              		.cfi_offset 8, -16
 317 0114 13040101 		addi	s0,sp,16
 318              		.cfi_def_cfa 8, 0
  34:src/syscall_cpp.cpp **** 
 319              		.loc 2 34 5
  34:src/syscall_cpp.cpp **** 
 320              		.loc 2 34 28 is_stmt 0
GAS LISTING /tmp/cccAOPjJ.s 			page 9


 321 0118 97000000 		call	_Z10time_sleepm@plt
 321      E7800000 
 322              	.LVL16:
  36:src/syscall_cpp.cpp **** 
 323              		.loc 2 36 1
 324 0120 83308100 		ld	ra,8(sp)
 325              		.cfi_restore 1
 326 0124 03340100 		ld	s0,0(sp)
 327              		.cfi_restore 8
 328              		.cfi_def_cfa 2, 16
 329 0128 13010101 		addi	sp,sp,16
 330              		.cfi_def_cfa_offset 0
 331 012c 67800000 		jr	ra
 332              		.cfi_endproc
 333              	.LFE48:
 335              		.align	2
 336              		.globl	_ZN7Console4getcEv
 338              	_ZN7Console4getcEv:
 339              	.LFB51:
  50:src/syscall_cpp.cpp ****     return ::getc();
 340              		.loc 2 50 22 is_stmt 1
 341              		.cfi_startproc
 342 0130 130101FF 		addi	sp,sp,-16
 343              		.cfi_def_cfa_offset 16
 344 0134 23341100 		sd	ra,8(sp)
 345 0138 23308100 		sd	s0,0(sp)
 346              		.cfi_offset 1, -8
 347              		.cfi_offset 8, -16
 348 013c 13040101 		addi	s0,sp,16
 349              		.cfi_def_cfa 8, 0
  51:src/syscall_cpp.cpp **** }
 350              		.loc 2 51 5
  51:src/syscall_cpp.cpp **** }
 351              		.loc 2 51 18 is_stmt 0
 352 0140 97000000 		call	_Z4getcv@plt
 352      E7800000 
 353              	.LVL17:
  52:src/syscall_cpp.cpp **** 
 354              		.loc 2 52 1
 355 0148 83308100 		ld	ra,8(sp)
 356              		.cfi_restore 1
 357 014c 03340100 		ld	s0,0(sp)
 358              		.cfi_restore 8
 359              		.cfi_def_cfa 2, 16
 360 0150 13010101 		addi	sp,sp,16
 361              		.cfi_def_cfa_offset 0
 362 0154 67800000 		jr	ra
 363              		.cfi_endproc
 364              	.LFE51:
 366              		.align	2
 367              		.globl	_ZN7Console4putcEc
 369              	_ZN7Console4putcEc:
 370              	.LFB52:
  54:src/syscall_cpp.cpp ****     ::putc(c);
 371              		.loc 2 54 28 is_stmt 1
 372              		.cfi_startproc
 373              	.LVL18:
GAS LISTING /tmp/cccAOPjJ.s 			page 10


 374 0158 130101FF 		addi	sp,sp,-16
 375              		.cfi_def_cfa_offset 16
 376 015c 23341100 		sd	ra,8(sp)
 377 0160 23308100 		sd	s0,0(sp)
 378              		.cfi_offset 1, -8
 379              		.cfi_offset 8, -16
 380 0164 13040101 		addi	s0,sp,16
 381              		.cfi_def_cfa 8, 0
  55:src/syscall_cpp.cpp **** }
 382              		.loc 2 55 5
  55:src/syscall_cpp.cpp **** }
 383              		.loc 2 55 11 is_stmt 0
 384 0168 97000000 		call	_Z4putcc@plt
 384      E7800000 
 385              	.LVL19:
  56:src/syscall_cpp.cpp **** 
 386              		.loc 2 56 1
 387 0170 83308100 		ld	ra,8(sp)
 388              		.cfi_restore 1
 389 0174 03340100 		ld	s0,0(sp)
 390              		.cfi_restore 8
 391              		.cfi_def_cfa 2, 16
 392 0178 13010101 		addi	sp,sp,16
 393              		.cfi_def_cfa_offset 0
 394 017c 67800000 		jr	ra
 395              		.cfi_endproc
 396              	.LFE52:
 398              		.align	2
 399              		.globl	_ZN9SemaphoreC2Ej
 401              	_ZN9SemaphoreC2Ej:
 402              	.LFB54:
  58:src/syscall_cpp.cpp ****     sem_open(&this->myHandle,init);
 403              		.loc 2 58 1 is_stmt 1
 404              		.cfi_startproc
 405              	.LVL20:
 406 0180 130101FF 		addi	sp,sp,-16
 407              		.cfi_def_cfa_offset 16
 408 0184 23341100 		sd	ra,8(sp)
 409 0188 23308100 		sd	s0,0(sp)
 410              		.cfi_offset 1, -8
 411              		.cfi_offset 8, -16
 412 018c 13040101 		addi	s0,sp,16
 413              		.cfi_def_cfa 8, 0
 414              	.LBB12:
  58:src/syscall_cpp.cpp ****     sem_open(&this->myHandle,init);
 415              		.loc 2 58 39 is_stmt 0
 416 0190 97070000 		lla	a5,_ZTV9Semaphore+16
 416      93870700 
 417 0198 2330F500 		sd	a5,0(a0)
  59:src/syscall_cpp.cpp **** }
 418              		.loc 2 59 5 is_stmt 1
  59:src/syscall_cpp.cpp **** }
 419              		.loc 2 59 13 is_stmt 0
 420 019c 13058500 		addi	a0,a0,8
 421              	.LVL21:
 422 01a0 97000000 		call	_Z8sem_openPP3semj@plt
 422      E7800000 
GAS LISTING /tmp/cccAOPjJ.s 			page 11


 423              	.LVL22:
 424              	.LBE12:
  60:src/syscall_cpp.cpp **** 
 425              		.loc 2 60 1
 426 01a8 83308100 		ld	ra,8(sp)
 427              		.cfi_restore 1
 428 01ac 03340100 		ld	s0,0(sp)
 429              		.cfi_restore 8
 430              		.cfi_def_cfa 2, 16
 431 01b0 13010101 		addi	sp,sp,16
 432              		.cfi_def_cfa_offset 0
 433 01b4 67800000 		jr	ra
 434              		.cfi_endproc
 435              	.LFE54:
 437              		.globl	_ZN9SemaphoreC1Ej
 438              		.set	_ZN9SemaphoreC1Ej,_ZN9SemaphoreC2Ej
 439              		.align	2
 440              		.globl	_ZN6Thread17SetMaximumThreadsEi
 442              	_ZN6Thread17SetMaximumThreadsEi:
 443              	.LFB49:
  38:src/syscall_cpp.cpp ****     Thread::maxThreadsSemaphore = new Semaphore(num_of_threads);
 444              		.loc 2 38 52 is_stmt 1
 445              		.cfi_startproc
 446              		.cfi_personality 0x9b,DW.ref.__gxx_personality_v0
 447              		.cfi_lsda 0x1b,.LLSDA49
 448              	.LVL23:
 449 01b8 130101FE 		addi	sp,sp,-32
 450              		.cfi_def_cfa_offset 32
 451 01bc 233C1100 		sd	ra,24(sp)
 452 01c0 23388100 		sd	s0,16(sp)
 453 01c4 23349100 		sd	s1,8(sp)
 454 01c8 23302101 		sd	s2,0(sp)
 455              		.cfi_offset 1, -8
 456              		.cfi_offset 8, -16
 457              		.cfi_offset 9, -24
 458              		.cfi_offset 18, -32
 459 01cc 13040102 		addi	s0,sp,32
 460              		.cfi_def_cfa 8, 0
 461 01d0 13090500 		mv	s2,a0
  39:src/syscall_cpp.cpp **** 
 462              		.loc 2 39 5
  39:src/syscall_cpp.cpp **** 
 463              		.loc 2 39 63 is_stmt 0
 464 01d4 13050001 		li	a0,16
 465              	.LVL24:
 466              	.LEHB0:
 467 01d8 97000000 		call	_Znwm@plt
 467      E7800000 
 468              	.LVL25:
 469              	.LEHE0:
 470 01e0 93040500 		mv	s1,a0
 471 01e4 93050900 		mv	a1,s2
 472              	.LEHB1:
 473 01e8 97000000 		call	_ZN9SemaphoreC1Ej
 473      E7800000 
 474              	.LVL26:
 475              	.LEHE1:
GAS LISTING /tmp/cccAOPjJ.s 			page 12


  39:src/syscall_cpp.cpp **** 
 476              		.loc 2 39 33 discriminator 2
 477 01f0 97070000 		sd	s1,.LANCHOR0,a5
 477      23B09700 
  41:src/syscall_cpp.cpp **** 
 478              		.loc 2 41 1 discriminator 2
 479 01f8 83308101 		ld	ra,24(sp)
 480              		.cfi_remember_state
 481              		.cfi_restore 1
 482 01fc 03340101 		ld	s0,16(sp)
 483              		.cfi_restore 8
 484              		.cfi_def_cfa 2, 32
 485 0200 83348100 		ld	s1,8(sp)
 486              		.cfi_restore 9
 487 0204 03390100 		ld	s2,0(sp)
 488              		.cfi_restore 18
 489 0208 13010102 		addi	sp,sp,32
 490              		.cfi_def_cfa_offset 0
 491 020c 67800000 		jr	ra
 492              	.L31:
 493              		.cfi_restore_state
 494 0210 13090500 		mv	s2,a0
  39:src/syscall_cpp.cpp **** 
 495              		.loc 2 39 63
 496 0214 13850400 		mv	a0,s1
 497 0218 97000000 		call	_ZdlPv@plt
 497      E7800000 
 498              	.LVL27:
 499 0220 13050900 		mv	a0,s2
 500              	.LEHB2:
 501 0224 97000000 		call	_Unwind_Resume@plt
 501      E7800000 
 502              	.LVL28:
 503              	.LEHE2:
 504              		.cfi_endproc
 505              	.LFE49:
 506              		.section	.gcc_except_table
 507              	.LLSDA49:
 508 0004 FF       		.byte	0xff
 509 0005 FF       		.byte	0xff
 510 0006 03       		.byte	0x3
 511 0007 27       		.byte	0x27
 512 0008 00000000 		.4byte	.LEHB0-.LFB49
 513 000c 00000000 		.4byte	.LEHE0-.LEHB0
 514 0010 00000000 		.4byte	0
 515 0014 00       		.byte	0
 516 0015 00000000 		.4byte	.LEHB1-.LFB49
 517 0019 00000000 		.4byte	.LEHE1-.LEHB1
 518 001d 00000000 		.4byte	.L31-.LFB49
 519 0021 00       		.byte	0
 520 0022 00000000 		.4byte	.LEHB2-.LFB49
 521 0026 00000000 		.4byte	.LEHE2-.LEHB2
 522 002a 00000000 		.4byte	0
 523 002e 00       		.byte	0
 524              		.text
 526              		.align	2
 527              		.globl	_ZN9Semaphore4waitEv
GAS LISTING /tmp/cccAOPjJ.s 			page 13


 529              	_ZN9Semaphore4waitEv:
 530              	.LFB60:
  65:src/syscall_cpp.cpp **** 
  66:src/syscall_cpp.cpp **** int Semaphore::wait() {
 531              		.loc 2 66 23 is_stmt 1
 532              		.cfi_startproc
 533              	.LVL29:
 534 022c 130101FF 		addi	sp,sp,-16
 535              		.cfi_def_cfa_offset 16
 536 0230 23341100 		sd	ra,8(sp)
 537 0234 23308100 		sd	s0,0(sp)
 538              		.cfi_offset 1, -8
 539              		.cfi_offset 8, -16
 540 0238 13040101 		addi	s0,sp,16
 541              		.cfi_def_cfa 8, 0
  67:src/syscall_cpp.cpp ****     return sem_wait(this->myHandle);
 542              		.loc 2 67 5
 543              		.loc 2 67 20 is_stmt 0
 544 023c 03358500 		ld	a0,8(a0)
 545              	.LVL30:
 546 0240 97000000 		call	_Z8sem_waitP3sem@plt
 546      E7800000 
 547              	.LVL31:
  68:src/syscall_cpp.cpp **** }
 548              		.loc 2 68 1
 549 0248 83308100 		ld	ra,8(sp)
 550              		.cfi_restore 1
 551 024c 03340100 		ld	s0,0(sp)
 552              		.cfi_restore 8
 553              		.cfi_def_cfa 2, 16
 554 0250 13010101 		addi	sp,sp,16
 555              		.cfi_def_cfa_offset 0
 556 0254 67800000 		jr	ra
 557              		.cfi_endproc
 558              	.LFE60:
 560              		.align	2
 561              		.globl	_ZN6Thread5startEv
 563              	_ZN6Thread5startEv:
 564              	.LFB50:
  44:src/syscall_cpp.cpp ****     if(Thread::maxThreadsSemaphore != nullptr)
 565              		.loc 2 44 21 is_stmt 1
 566              		.cfi_startproc
 567              	.LVL32:
 568 0258 130101FE 		addi	sp,sp,-32
 569              		.cfi_def_cfa_offset 32
 570 025c 233C1100 		sd	ra,24(sp)
 571 0260 23388100 		sd	s0,16(sp)
 572 0264 23349100 		sd	s1,8(sp)
 573              		.cfi_offset 1, -8
 574              		.cfi_offset 8, -16
 575              		.cfi_offset 9, -24
 576 0268 13040102 		addi	s0,sp,32
 577              		.cfi_def_cfa 8, 0
 578 026c 93040500 		mv	s1,a0
  45:src/syscall_cpp.cpp ****         Thread::maxThreadsSemaphore->wait();
 579              		.loc 2 45 5
  45:src/syscall_cpp.cpp ****         Thread::maxThreadsSemaphore->wait();
GAS LISTING /tmp/cccAOPjJ.s 			page 14


 580              		.loc 2 45 36 is_stmt 0
 581 0270 17050000 		ld	a0,.LANCHOR0
 581      03350500 
 582              	.LVL33:
  45:src/syscall_cpp.cpp ****         Thread::maxThreadsSemaphore->wait();
 583              		.loc 2 45 5
 584 0278 63060500 		beqz	a0,.L37
  46:src/syscall_cpp.cpp ****     return thread_create(&this->myHandle,body,arg);
 585              		.loc 2 46 9 is_stmt 1
  46:src/syscall_cpp.cpp ****     return thread_create(&this->myHandle,body,arg);
 586              		.loc 2 46 42 is_stmt 0
 587 027c 97000000 		call	_ZN9Semaphore4waitEv
 587      E7800000 
 588              	.LVL34:
 589              	.L37:
  47:src/syscall_cpp.cpp **** }
 590              		.loc 2 47 5 is_stmt 1
  47:src/syscall_cpp.cpp **** }
 591              		.loc 2 47 25 is_stmt 0
 592 0284 03B68401 		ld	a2,24(s1)
 593 0288 83B50401 		ld	a1,16(s1)
 594 028c 13858400 		addi	a0,s1,8
 595 0290 97000000 		call	_Z13thread_createPP3TCBPFvPvES2_@plt
 595      E7800000 
 596              	.LVL35:
  48:src/syscall_cpp.cpp **** 
 597              		.loc 2 48 1
 598 0298 83308101 		ld	ra,24(sp)
 599              		.cfi_restore 1
 600 029c 03340101 		ld	s0,16(sp)
 601              		.cfi_restore 8
 602              		.cfi_def_cfa 2, 32
 603 02a0 83348100 		ld	s1,8(sp)
 604              		.cfi_restore 9
 605              	.LVL36:
 606 02a4 13010102 		addi	sp,sp,32
 607              		.cfi_def_cfa_offset 0
 608 02a8 67800000 		jr	ra
 609              		.cfi_endproc
 610              	.LFE50:
 612              		.align	2
 613              		.globl	_ZN9Semaphore6signalEv
 615              	_ZN9Semaphore6signalEv:
 616              	.LFB61:
  69:src/syscall_cpp.cpp **** 
  70:src/syscall_cpp.cpp **** int Semaphore::signal() {
 617              		.loc 2 70 25 is_stmt 1
 618              		.cfi_startproc
 619              	.LVL37:
 620 02ac 130101FF 		addi	sp,sp,-16
 621              		.cfi_def_cfa_offset 16
 622 02b0 23341100 		sd	ra,8(sp)
 623 02b4 23308100 		sd	s0,0(sp)
 624              		.cfi_offset 1, -8
 625              		.cfi_offset 8, -16
 626 02b8 13040101 		addi	s0,sp,16
 627              		.cfi_def_cfa 8, 0
GAS LISTING /tmp/cccAOPjJ.s 			page 15


  71:src/syscall_cpp.cpp ****     return sem_signal(this->myHandle);
 628              		.loc 2 71 5
 629              		.loc 2 71 22 is_stmt 0
 630 02bc 03358500 		ld	a0,8(a0)
 631              	.LVL38:
 632 02c0 97000000 		call	_Z10sem_signalP3sem@plt
 632      E7800000 
 633              	.LVL39:
  72:src/syscall_cpp.cpp **** }
 634              		.loc 2 72 1
 635 02c8 83308100 		ld	ra,8(sp)
 636              		.cfi_restore 1
 637 02cc 03340100 		ld	s0,0(sp)
 638              		.cfi_restore 8
 639              		.cfi_def_cfa 2, 16
 640 02d0 13010101 		addi	sp,sp,16
 641              		.cfi_def_cfa_offset 0
 642 02d4 67800000 		jr	ra
 643              		.cfi_endproc
 644              	.LFE61:
 646              		.align	2
 647              		.globl	_ZN6Thread8finishedEv
 649              	_ZN6Thread8finishedEv:
 650              	.LFB42:
  18:src/syscall_cpp.cpp ****     if(maxThreadsSemaphore != nullptr)
 651              		.loc 2 18 25 is_stmt 1
 652              		.cfi_startproc
  19:src/syscall_cpp.cpp ****         Thread::maxThreadsSemaphore->signal();
 653              		.loc 2 19 5
  19:src/syscall_cpp.cpp ****         Thread::maxThreadsSemaphore->signal();
 654              		.loc 2 19 28 is_stmt 0
 655 02d8 17050000 		ld	a0,.LANCHOR0
 655      03350500 
  19:src/syscall_cpp.cpp ****         Thread::maxThreadsSemaphore->signal();
 656              		.loc 2 19 5
 657 02e0 63060502 		beqz	a0,.L44
  18:src/syscall_cpp.cpp ****     if(maxThreadsSemaphore != nullptr)
 658              		.loc 2 18 25
 659 02e4 130101FF 		addi	sp,sp,-16
 660              		.cfi_def_cfa_offset 16
 661 02e8 23341100 		sd	ra,8(sp)
 662 02ec 23308100 		sd	s0,0(sp)
 663              		.cfi_offset 1, -8
 664              		.cfi_offset 8, -16
 665 02f0 13040101 		addi	s0,sp,16
 666              		.cfi_def_cfa 8, 0
  20:src/syscall_cpp.cpp **** }
 667              		.loc 2 20 9 is_stmt 1
  20:src/syscall_cpp.cpp **** }
 668              		.loc 2 20 44 is_stmt 0
 669 02f4 97000000 		call	_ZN9Semaphore6signalEv
 669      E7800000 
 670              	.LVL40:
  21:src/syscall_cpp.cpp **** 
 671              		.loc 2 21 1
 672 02fc 83308100 		ld	ra,8(sp)
 673              		.cfi_restore 1
GAS LISTING /tmp/cccAOPjJ.s 			page 16


 674 0300 03340100 		ld	s0,0(sp)
 675              		.cfi_restore 8
 676              		.cfi_def_cfa 2, 16
 677 0304 13010101 		addi	sp,sp,16
 678              		.cfi_def_cfa_offset 0
 679 0308 67800000 		jr	ra
 680              	.L44:
 681 030c 67800000 		ret
 682              		.cfi_endproc
 683              	.LFE42:
 685              		.align	2
 686              		.globl	_ZN6ThreadD2Ev
 688              	_ZN6ThreadD2Ev:
 689              	.LFB45:
  27:src/syscall_cpp.cpp ****     if(Thread::maxThreadsSemaphore != nullptr)
 690              		.loc 2 27 1 is_stmt 1
 691              		.cfi_startproc
 692              		.cfi_personality 0x9b,DW.ref.__gxx_personality_v0
 693              		.cfi_lsda 0x1b,.LLSDA45
 694              	.LVL41:
 695 0310 130101FE 		addi	sp,sp,-32
 696              		.cfi_def_cfa_offset 32
 697 0314 233C1100 		sd	ra,24(sp)
 698 0318 23388100 		sd	s0,16(sp)
 699 031c 23349100 		sd	s1,8(sp)
 700              		.cfi_offset 1, -8
 701              		.cfi_offset 8, -16
 702              		.cfi_offset 9, -24
 703 0320 13040102 		addi	s0,sp,32
 704              		.cfi_def_cfa 8, 0
 705 0324 93040500 		mv	s1,a0
 706              	.LBB13:
  27:src/syscall_cpp.cpp ****     if(Thread::maxThreadsSemaphore != nullptr)
 707              		.loc 2 27 17 is_stmt 0
 708 0328 97070000 		lla	a5,_ZTV6Thread+16
 708      93870700 
 709 0330 2330F500 		sd	a5,0(a0)
  28:src/syscall_cpp.cpp ****         Thread::maxThreadsSemaphore->signal();
 710              		.loc 2 28 5 is_stmt 1
  28:src/syscall_cpp.cpp ****         Thread::maxThreadsSemaphore->signal();
 711              		.loc 2 28 36 is_stmt 0
 712 0334 17050000 		ld	a0,.LANCHOR0
 712      03350500 
 713              	.LVL42:
  28:src/syscall_cpp.cpp ****         Thread::maxThreadsSemaphore->signal();
 714              		.loc 2 28 5
 715 033c 63060500 		beqz	a0,.L48
  29:src/syscall_cpp.cpp ****     delete this->myHandle;
 716              		.loc 2 29 9 is_stmt 1
  29:src/syscall_cpp.cpp ****     delete this->myHandle;
 717              		.loc 2 29 44 is_stmt 0
 718 0340 97000000 		call	_ZN9Semaphore6signalEv
 718      E7800000 
 719              	.LVL43:
 720              	.L48:
  30:src/syscall_cpp.cpp **** }
 721              		.loc 2 30 5 is_stmt 1
GAS LISTING /tmp/cccAOPjJ.s 			page 17


  30:src/syscall_cpp.cpp **** }
 722              		.loc 2 30 18 is_stmt 0
 723 0348 83B48400 		ld	s1,8(s1)
 724              	.LVL44:
  30:src/syscall_cpp.cpp **** }
 725              		.loc 2 30 26
 726 034c 63800402 		beqz	s1,.L47
 727              	.LVL45:
 728              	.LBB14:
 729              	.LBB15:
 730              		.file 3 "src/../h/../h/TCB.hpp"
   1:src/../h/../h/TCB.hpp **** #ifndef OS_PROJECT_BASE_TCB_HPP
   2:src/../h/../h/TCB.hpp **** #define OS_PROJECT_BASE_TCB_HPP
   3:src/../h/../h/TCB.hpp **** 
   4:src/../h/../h/TCB.hpp **** #include "../lib/hw.h"
   5:src/../h/../h/TCB.hpp **** #include "scheduler.hpp"
   6:src/../h/../h/TCB.hpp **** 
   7:src/../h/../h/TCB.hpp **** static int threadCounter = 0;
   8:src/../h/../h/TCB.hpp **** 
   9:src/../h/../h/TCB.hpp **** class TCB{
  10:src/../h/../h/TCB.hpp **** public:
  11:src/../h/../h/TCB.hpp ****     ~TCB() {
  12:src/../h/../h/TCB.hpp ****         delete[] stack;
 731              		.loc 3 12 9 is_stmt 1
 732              		.loc 3 12 18 is_stmt 0
 733 0350 03B58403 		ld	a0,56(s1)
 734              		.loc 3 12 23
 735 0354 63060500 		beqz	a0,.L50
 736              		.loc 3 12 18
 737 0358 97000000 		call	_ZdaPv@plt
 737      E7800000 
 738              	.LVL46:
 739              	.L50:
 740              	.LBE15:
 741              	.LBE14:
  30:src/syscall_cpp.cpp **** }
 742              		.loc 2 30 18
 743 0360 13850400 		mv	a0,s1
 744 0364 97000000 		call	_ZdlPv@plt
 744      E7800000 
 745              	.LVL47:
 746              	.L47:
 747              	.LBE13:
  31:src/syscall_cpp.cpp **** 
 748              		.loc 2 31 1
 749 036c 83308101 		ld	ra,24(sp)
 750              		.cfi_restore 1
 751 0370 03340101 		ld	s0,16(sp)
 752              		.cfi_restore 8
 753              		.cfi_def_cfa 2, 32
 754 0374 83348100 		ld	s1,8(sp)
 755              		.cfi_restore 9
 756 0378 13010102 		addi	sp,sp,32
 757              		.cfi_def_cfa_offset 0
 758 037c 67800000 		jr	ra
 759              		.cfi_endproc
 760              	.LFE45:
GAS LISTING /tmp/cccAOPjJ.s 			page 18


 761              		.section	.gcc_except_table
 762              	.LLSDA45:
 763 002f FF       		.byte	0xff
 764 0030 FF       		.byte	0xff
 765 0031 03       		.byte	0x3
 766 0032 00       		.byte	0
 767              		.text
 769              		.globl	_ZN6ThreadD1Ev
 770              		.set	_ZN6ThreadD1Ev,_ZN6ThreadD2Ev
 771              		.align	2
 772              		.globl	_ZN6ThreadD0Ev
 774              	_ZN6ThreadD0Ev:
 775              	.LFB47:
  27:src/syscall_cpp.cpp ****     if(Thread::maxThreadsSemaphore != nullptr)
 776              		.loc 2 27 1 is_stmt 1
 777              		.cfi_startproc
 778              	.LVL48:
 779 0380 130101FE 		addi	sp,sp,-32
 780              		.cfi_def_cfa_offset 32
 781 0384 233C1100 		sd	ra,24(sp)
 782 0388 23388100 		sd	s0,16(sp)
 783 038c 23349100 		sd	s1,8(sp)
 784              		.cfi_offset 1, -8
 785              		.cfi_offset 8, -16
 786              		.cfi_offset 9, -24
 787 0390 13040102 		addi	s0,sp,32
 788              		.cfi_def_cfa 8, 0
 789 0394 93040500 		mv	s1,a0
  31:src/syscall_cpp.cpp **** 
 790              		.loc 2 31 1 is_stmt 0
 791 0398 97000000 		call	_ZN6ThreadD1Ev
 791      E7800000 
 792              	.LVL49:
 793 03a0 13850400 		mv	a0,s1
 794 03a4 97000000 		call	_ZdlPv@plt
 794      E7800000 
 795              	.LVL50:
 796 03ac 83308101 		ld	ra,24(sp)
 797              		.cfi_restore 1
 798 03b0 03340101 		ld	s0,16(sp)
 799              		.cfi_restore 8
 800              		.cfi_def_cfa 2, 32
 801 03b4 83348100 		ld	s1,8(sp)
 802              		.cfi_restore 9
 803              	.LVL51:
 804 03b8 13010102 		addi	sp,sp,32
 805              		.cfi_def_cfa_offset 0
 806 03bc 67800000 		jr	ra
 807              		.cfi_endproc
 808              	.LFE47:
 810              		.section	.text._ZN14PeriodicThreadD2Ev,"axG",@progbits,_ZN14PeriodicThreadD5Ev,comdat
 811              		.align	2
 812              		.weak	_ZN14PeriodicThreadD2Ev
 814              	_ZN14PeriodicThreadD2Ev:
 815              	.LFB72:
  49:src/../h/syscall_cpp.hpp **** public:
 816              		.loc 1 49 7 is_stmt 1
GAS LISTING /tmp/cccAOPjJ.s 			page 19


 817              		.cfi_startproc
 818              	.LVL52:
 819 0000 130101FF 		addi	sp,sp,-16
 820              		.cfi_def_cfa_offset 16
 821 0004 23341100 		sd	ra,8(sp)
 822 0008 23308100 		sd	s0,0(sp)
 823              		.cfi_offset 1, -8
 824              		.cfi_offset 8, -16
 825 000c 13040101 		addi	s0,sp,16
 826              		.cfi_def_cfa 8, 0
 827              	.LBB16:
  49:src/../h/syscall_cpp.hpp **** public:
 828              		.loc 1 49 7 is_stmt 0
 829 0010 97070000 		lla	a5,_ZTV14PeriodicThread+16
 829      93870700 
 830 0018 2330F500 		sd	a5,0(a0)
 831 001c 97000000 		call	_ZN6ThreadD2Ev
 831      E7800000 
 832              	.LVL53:
 833              	.LBE16:
 834 0024 83308100 		ld	ra,8(sp)
 835              		.cfi_restore 1
 836 0028 03340100 		ld	s0,0(sp)
 837              		.cfi_restore 8
 838              		.cfi_def_cfa 2, 16
 839 002c 13010101 		addi	sp,sp,16
 840              		.cfi_def_cfa_offset 0
 841 0030 67800000 		jr	ra
 842              		.cfi_endproc
 843              	.LFE72:
 845              		.weak	_ZN14PeriodicThreadD1Ev
 846              		.set	_ZN14PeriodicThreadD1Ev,_ZN14PeriodicThreadD2Ev
 847              		.section	.text._ZN14PeriodicThreadD0Ev,"axG",@progbits,_ZN14PeriodicThreadD5Ev,comdat
 848              		.align	2
 849              		.weak	_ZN14PeriodicThreadD0Ev
 851              	_ZN14PeriodicThreadD0Ev:
 852              	.LFB74:
  49:src/../h/syscall_cpp.hpp **** public:
 853              		.loc 1 49 7 is_stmt 1
 854              		.cfi_startproc
 855              	.LVL54:
 856 0000 130101FE 		addi	sp,sp,-32
 857              		.cfi_def_cfa_offset 32
 858 0004 233C1100 		sd	ra,24(sp)
 859 0008 23388100 		sd	s0,16(sp)
 860 000c 23349100 		sd	s1,8(sp)
 861              		.cfi_offset 1, -8
 862              		.cfi_offset 8, -16
 863              		.cfi_offset 9, -24
 864 0010 13040102 		addi	s0,sp,32
 865              		.cfi_def_cfa 8, 0
 866 0014 93040500 		mv	s1,a0
 867              	.LVL55:
 868              	.LBB17:
 869              	.LBB18:
  49:src/../h/syscall_cpp.hpp **** public:
 870              		.loc 1 49 7 is_stmt 0
GAS LISTING /tmp/cccAOPjJ.s 			page 20


 871 0018 97070000 		lla	a5,_ZTV14PeriodicThread+16
 871      93870700 
 872 0020 2330F500 		sd	a5,0(a0)
 873 0024 97000000 		call	_ZN6ThreadD2Ev
 873      E7800000 
 874              	.LVL56:
 875              	.LBE18:
 876              	.LBE17:
 877 002c 13850400 		mv	a0,s1
 878 0030 97000000 		call	_ZdlPv@plt
 878      E7800000 
 879              	.LVL57:
 880 0038 83308101 		ld	ra,24(sp)
 881              		.cfi_restore 1
 882 003c 03340101 		ld	s0,16(sp)
 883              		.cfi_restore 8
 884              		.cfi_def_cfa 2, 32
 885 0040 83348100 		ld	s1,8(sp)
 886              		.cfi_restore 9
 887              	.LVL58:
 888 0044 13010102 		addi	sp,sp,32
 889              		.cfi_def_cfa_offset 0
 890 0048 67800000 		jr	ra
 891              		.cfi_endproc
 892              	.LFE74:
 894              		.text
 895              		.align	2
 896              		.globl	_ZN9Semaphore9timedWaitEm
 898              	_ZN9Semaphore9timedWaitEm:
 899              	.LFB62:
  73:src/syscall_cpp.cpp **** 
  74:src/syscall_cpp.cpp **** int Semaphore::timedWait(time_t) {
 900              		.loc 2 74 34 is_stmt 1
 901              		.cfi_startproc
 902              	.LVL59:
 903 03c0 130101FF 		addi	sp,sp,-16
 904              		.cfi_def_cfa_offset 16
 905 03c4 23348100 		sd	s0,8(sp)
 906              		.cfi_offset 8, -8
 907 03c8 13040101 		addi	s0,sp,16
 908              		.cfi_def_cfa 8, 0
  75:src/syscall_cpp.cpp ****     return 0;
 909              		.loc 2 75 5
  76:src/syscall_cpp.cpp **** }
 910              		.loc 2 76 1 is_stmt 0
 911 03cc 13050000 		li	a0,0
 912              	.LVL60:
 913 03d0 03348100 		ld	s0,8(sp)
 914              		.cfi_restore 8
 915              		.cfi_def_cfa 2, 16
 916 03d4 13010101 		addi	sp,sp,16
 917              		.cfi_def_cfa_offset 0
 918 03d8 67800000 		jr	ra
 919              		.cfi_endproc
 920              	.LFE62:
 922              		.align	2
 923              		.globl	_ZN9Semaphore7tryWaitEv
GAS LISTING /tmp/cccAOPjJ.s 			page 21


 925              	_ZN9Semaphore7tryWaitEv:
 926              	.LFB63:
  77:src/syscall_cpp.cpp **** 
  78:src/syscall_cpp.cpp **** int Semaphore::tryWait() {
 927              		.loc 2 78 26 is_stmt 1
 928              		.cfi_startproc
 929              	.LVL61:
 930 03dc 130101FF 		addi	sp,sp,-16
 931              		.cfi_def_cfa_offset 16
 932 03e0 23348100 		sd	s0,8(sp)
 933              		.cfi_offset 8, -8
 934 03e4 13040101 		addi	s0,sp,16
 935              		.cfi_def_cfa 8, 0
  79:src/syscall_cpp.cpp ****     return 0;
 936              		.loc 2 79 5
  80:src/syscall_cpp.cpp **** }
 937              		.loc 2 80 1 is_stmt 0
 938 03e8 13050000 		li	a0,0
 939              	.LVL62:
 940 03ec 03348100 		ld	s0,8(sp)
 941              		.cfi_restore 8
 942              		.cfi_def_cfa 2, 16
 943 03f0 13010101 		addi	sp,sp,16
 944              		.cfi_def_cfa_offset 0
 945 03f4 67800000 		jr	ra
 946              		.cfi_endproc
 947              	.LFE63:
 949              		.align	2
 950              		.globl	_ZN14PeriodicThread9terminateEv
 952              	_ZN14PeriodicThread9terminateEv:
 953              	.LFB64:
  81:src/syscall_cpp.cpp **** 
  82:src/syscall_cpp.cpp **** void PeriodicThread::terminate() {
 954              		.loc 2 82 34 is_stmt 1
 955              		.cfi_startproc
 956              	.LVL63:
 957 03f8 130101FF 		addi	sp,sp,-16
 958              		.cfi_def_cfa_offset 16
 959 03fc 23348100 		sd	s0,8(sp)
 960              		.cfi_offset 8, -8
 961 0400 13040101 		addi	s0,sp,16
 962              		.cfi_def_cfa 8, 0
  83:src/syscall_cpp.cpp **** 
  84:src/syscall_cpp.cpp **** }
 963              		.loc 2 84 1 is_stmt 0
 964 0404 03348100 		ld	s0,8(sp)
 965              		.cfi_restore 8
 966              		.cfi_def_cfa 2, 16
 967 0408 13010101 		addi	sp,sp,16
 968              		.cfi_def_cfa_offset 0
 969 040c 67800000 		jr	ra
 970              		.cfi_endproc
 971              	.LFE64:
 973              		.align	2
 974              		.globl	_ZN14PeriodicThreadC2Em
 976              	_ZN14PeriodicThreadC2Em:
 977              	.LFB66:
GAS LISTING /tmp/cccAOPjJ.s 			page 22


  85:src/syscall_cpp.cpp **** 
  86:src/syscall_cpp.cpp **** PeriodicThread::PeriodicThread(time_t period) {
 978              		.loc 2 86 1 is_stmt 1
 979              		.cfi_startproc
 980              	.LVL64:
 981 0410 130101FE 		addi	sp,sp,-32
 982              		.cfi_def_cfa_offset 32
 983 0414 233C1100 		sd	ra,24(sp)
 984 0418 23388100 		sd	s0,16(sp)
 985 041c 23349100 		sd	s1,8(sp)
 986              		.cfi_offset 1, -8
 987              		.cfi_offset 8, -16
 988              		.cfi_offset 9, -24
 989 0420 13040102 		addi	s0,sp,32
 990              		.cfi_def_cfa 8, 0
 991 0424 93040500 		mv	s1,a0
 992              	.LBB19:
 993              		.loc 2 86 45 is_stmt 0
 994 0428 97000000 		call	_ZN6ThreadC2Ev
 994      E7800000 
 995              	.LVL65:
 996 0430 97070000 		lla	a5,_ZTV14PeriodicThread+16
 996      93870700 
 997 0438 23B0F400 		sd	a5,0(s1)
 998              	.LBE19:
  87:src/syscall_cpp.cpp **** 
  88:src/syscall_cpp.cpp **** }
 999              		.loc 2 88 1
 1000 043c 83308101 		ld	ra,24(sp)
 1001              		.cfi_restore 1
 1002 0440 03340101 		ld	s0,16(sp)
 1003              		.cfi_restore 8
 1004              		.cfi_def_cfa 2, 32
 1005 0444 83348100 		ld	s1,8(sp)
 1006              		.cfi_restore 9
 1007              	.LVL66:
 1008 0448 13010102 		addi	sp,sp,32
 1009              		.cfi_def_cfa_offset 0
 1010 044c 67800000 		jr	ra
 1011              		.cfi_endproc
 1012              	.LFE66:
 1014              		.globl	_ZN14PeriodicThreadC1Em
 1015              		.set	_ZN14PeriodicThreadC1Em,_ZN14PeriodicThreadC2Em
 1016              		.weak	_ZTV14PeriodicThread
 1017              		.section	.data.rel.ro.local._ZTV14PeriodicThread,"awG",@progbits,_ZTV14PeriodicThread,comdat
 1018              		.align	3
 1021              	_ZTV14PeriodicThread:
 1022 0000 00000000 		.dword	0
 1022      00000000 
 1023 0008 00000000 		.dword	0
 1023      00000000 
 1024 0010 00000000 		.dword	_ZN14PeriodicThreadD1Ev
 1024      00000000 
 1025 0018 00000000 		.dword	_ZN14PeriodicThreadD0Ev
 1025      00000000 
 1026 0020 00000000 		.dword	_ZN6Thread3runEv
 1026      00000000 
GAS LISTING /tmp/cccAOPjJ.s 			page 23


 1027 0028 00000000 		.dword	_ZN14PeriodicThread18periodicActivationEv
 1027      00000000 
 1028              		.weak	_ZTV6Thread
 1029              		.section	.data.rel.ro.local._ZTV6Thread,"awG",@progbits,_ZTV6Thread,comdat
 1030              		.align	3
 1033              	_ZTV6Thread:
 1034 0000 00000000 		.dword	0
 1034      00000000 
 1035 0008 00000000 		.dword	0
 1035      00000000 
 1036 0010 00000000 		.dword	_ZN6ThreadD1Ev
 1036      00000000 
 1037 0018 00000000 		.dword	_ZN6ThreadD0Ev
 1037      00000000 
 1038 0020 00000000 		.dword	_ZN6Thread3runEv
 1038      00000000 
 1039              		.weak	_ZTV9Semaphore
 1040              		.section	.data.rel.ro.local._ZTV9Semaphore,"awG",@progbits,_ZTV9Semaphore,comdat
 1041              		.align	3
 1044              	_ZTV9Semaphore:
 1045 0000 00000000 		.dword	0
 1045      00000000 
 1046 0008 00000000 		.dword	0
 1046      00000000 
 1047 0010 00000000 		.dword	_ZN9SemaphoreD1Ev
 1047      00000000 
 1048 0018 00000000 		.dword	_ZN9SemaphoreD0Ev
 1048      00000000 
 1049              		.globl	_ZN6Thread19maxThreadsSemaphoreE
 1050              		.bss
 1051              		.align	3
 1052              		.set	.LANCHOR0,. + 0
 1055              	_ZN6Thread19maxThreadsSemaphoreE:
 1056 0000 00000000 		.zero	8
 1056      00000000 
 1057              		.text
 1058              	.Letext0:
 1059              		.file 4 "src/../h/../h/../lib/hw.h"
 1060              		.file 5 "src/../h/../h/list.hpp"
 1061              		.file 6 "src/../h/../h/syscall_c.hpp"
 1062              		.file 7 "src/../h/../h/semaphore.hpp"
 5379              		.align	3
 5382              	DW.ref.__gxx_personality_v0:
 5383 0000 00000000 		.dword	__gxx_personality_v0
 5383      00000000 
 5384              		.ident	"GCC: (Ubuntu 9.4.0-1ubuntu1~20.04) 9.4.0"
 5385              		.section	.note.GNU-stack,"",@progbits
GAS LISTING /tmp/cccAOPjJ.s 			page 24


DEFINED SYMBOLS
                            *ABS*:0000000000000000 syscall_cpp.cpp
     /tmp/cccAOPjJ.s:10     .text._ZN6Thread3runEv:0000000000000000 _ZN6Thread3runEv
     /tmp/cccAOPjJ.s:14     .text._ZN6Thread3runEv:0000000000000000 .L0 
     /tmp/cccAOPjJ.s:16     .text._ZN6Thread3runEv:0000000000000000 .L0 
     /tmp/cccAOPjJ.s:17     .text._ZN6Thread3runEv:0000000000000004 .L0 
     /tmp/cccAOPjJ.s:19     .text._ZN6Thread3runEv:0000000000000008 .L0 
     /tmp/cccAOPjJ.s:21     .text._ZN6Thread3runEv:000000000000000c .L0 
     /tmp/cccAOPjJ.s:23     .text._ZN6Thread3runEv:000000000000000c .L0 
     /tmp/cccAOPjJ.s:24     .text._ZN6Thread3runEv:0000000000000010 .L0 
     /tmp/cccAOPjJ.s:25     .text._ZN6Thread3runEv:0000000000000010 .L0 
     /tmp/cccAOPjJ.s:27     .text._ZN6Thread3runEv:0000000000000014 .L0 
     /tmp/cccAOPjJ.s:29     .text._ZN6Thread3runEv:0000000000000018 .L0 
     /tmp/cccAOPjJ.s:36     .text._ZN6Thread7wrapperEPv:0000000000000000 _ZN6Thread7wrapperEPv
     /tmp/cccAOPjJ.s:39     .text._ZN6Thread7wrapperEPv:0000000000000000 .L0 
     /tmp/cccAOPjJ.s:41     .text._ZN6Thread7wrapperEPv:0000000000000000 .L0 
     /tmp/cccAOPjJ.s:42     .text._ZN6Thread7wrapperEPv:0000000000000000 .L0 
     /tmp/cccAOPjJ.s:44     .text._ZN6Thread7wrapperEPv:0000000000000004 .L0 
     /tmp/cccAOPjJ.s:45     .text._ZN6Thread7wrapperEPv:0000000000000008 .L0 
     /tmp/cccAOPjJ.s:48     .text._ZN6Thread7wrapperEPv:0000000000000010 .L0 
     /tmp/cccAOPjJ.s:49     .text._ZN6Thread7wrapperEPv:0000000000000010 .L0 
     /tmp/cccAOPjJ.s:51     .text._ZN6Thread7wrapperEPv:0000000000000014 .L0 
     /tmp/cccAOPjJ.s:53     .text._ZN6Thread7wrapperEPv:0000000000000014 .L0 
     /tmp/cccAOPjJ.s:54     .text._ZN6Thread7wrapperEPv:0000000000000014 .L0 
     /tmp/cccAOPjJ.s:57     .text._ZN6Thread7wrapperEPv:000000000000001c .L0 
     /tmp/cccAOPjJ.s:60     .text._ZN6Thread7wrapperEPv:0000000000000020 .L0 
     /tmp/cccAOPjJ.s:61     .text._ZN6Thread7wrapperEPv:0000000000000024 .L0 
     /tmp/cccAOPjJ.s:63     .text._ZN6Thread7wrapperEPv:0000000000000028 .L0 
     /tmp/cccAOPjJ.s:64     .text._ZN6Thread7wrapperEPv:0000000000000028 .L0 
     /tmp/cccAOPjJ.s:66     .text._ZN6Thread7wrapperEPv:000000000000002c .L0 
     /tmp/cccAOPjJ.s:71     .text._ZN6Thread7wrapperEPv:0000000000000034 .L0 
     /tmp/cccAOPjJ.s:78     .text._ZN14PeriodicThread18periodicActivationEv:0000000000000000 _ZN14PeriodicThread18periodicActivationEv
     /tmp/cccAOPjJ.s:81     .text._ZN14PeriodicThread18periodicActivationEv:0000000000000000 .L0 
     /tmp/cccAOPjJ.s:83     .text._ZN14PeriodicThread18periodicActivationEv:0000000000000000 .L0 
     /tmp/cccAOPjJ.s:84     .text._ZN14PeriodicThread18periodicActivationEv:0000000000000004 .L0 
     /tmp/cccAOPjJ.s:86     .text._ZN14PeriodicThread18periodicActivationEv:0000000000000008 .L0 
     /tmp/cccAOPjJ.s:88     .text._ZN14PeriodicThread18periodicActivationEv:000000000000000c .L0 
     /tmp/cccAOPjJ.s:90     .text._ZN14PeriodicThread18periodicActivationEv:000000000000000c .L0 
     /tmp/cccAOPjJ.s:91     .text._ZN14PeriodicThread18periodicActivationEv:0000000000000010 .L0 
     /tmp/cccAOPjJ.s:92     .text._ZN14PeriodicThread18periodicActivationEv:0000000000000010 .L0 
     /tmp/cccAOPjJ.s:94     .text._ZN14PeriodicThread18periodicActivationEv:0000000000000014 .L0 
     /tmp/cccAOPjJ.s:96     .text._ZN14PeriodicThread18periodicActivationEv:0000000000000018 .L0 
     /tmp/cccAOPjJ.s:103    .text:0000000000000000 _ZN9SemaphoreD2Ev
     /tmp/cccAOPjJ.s:107    .text:0000000000000000 .L0 
     /tmp/cccAOPjJ.s:5382   .data.rel.local.DW.ref.__gxx_personality_v0:0000000000000000 DW.ref.__gxx_personality_v0
     /tmp/cccAOPjJ.s:111    .text:0000000000000000 .L0 
     /tmp/cccAOPjJ.s:112    .text:0000000000000004 .L0 
     /tmp/cccAOPjJ.s:115    .text:000000000000000c .L0 
     /tmp/cccAOPjJ.s:116    .text:000000000000000c .L0 
     /tmp/cccAOPjJ.s:118    .text:0000000000000010 .L0 
     /tmp/cccAOPjJ.s:1044   .data.rel.ro.local._ZTV9Semaphore:0000000000000000 _ZTV9Semaphore
     /tmp/cccAOPjJ.s:121    .text:0000000000000010 .L0 
     /tmp/cccAOPjJ.s:124    .text:000000000000001c .L0 
     /tmp/cccAOPjJ.s:125    .text:000000000000001c .L0 
     /tmp/cccAOPjJ.s:131    .text:0000000000000028 .L0 
     /tmp/cccAOPjJ.s:132    .text:000000000000002c .L0 
     /tmp/cccAOPjJ.s:134    .text:0000000000000030 .L0 
GAS LISTING /tmp/cccAOPjJ.s 			page 25


     /tmp/cccAOPjJ.s:135    .text:0000000000000030 .L0 
     /tmp/cccAOPjJ.s:137    .text:0000000000000034 .L0 
     /tmp/cccAOPjJ.s:139    .text:0000000000000038 .L0 
     /tmp/cccAOPjJ.s:103    .text:0000000000000000 _ZN9SemaphoreD1Ev
     /tmp/cccAOPjJ.s:155    .text:0000000000000038 _ZN9SemaphoreD0Ev
     /tmp/cccAOPjJ.s:158    .text:0000000000000038 .L0 
     /tmp/cccAOPjJ.s:160    .text:0000000000000038 .L0 
     /tmp/cccAOPjJ.s:161    .text:000000000000003c .L0 
     /tmp/cccAOPjJ.s:165    .text:0000000000000048 .L0 
     /tmp/cccAOPjJ.s:166    .text:0000000000000048 .L0 
     /tmp/cccAOPjJ.s:167    .text:0000000000000048 .L0 
     /tmp/cccAOPjJ.s:169    .text:000000000000004c .L0 
     /tmp/cccAOPjJ.s:172    .text:0000000000000050 .L0 
     /tmp/cccAOPjJ.s:178    .text:0000000000000068 .L0 
     /tmp/cccAOPjJ.s:180    .text:000000000000006c .L0 
     /tmp/cccAOPjJ.s:181    .text:000000000000006c .L0 
     /tmp/cccAOPjJ.s:183    .text:0000000000000070 .L0 
     /tmp/cccAOPjJ.s:186    .text:0000000000000074 .L0 
     /tmp/cccAOPjJ.s:188    .text:0000000000000078 .L0 
     /tmp/cccAOPjJ.s:194    .text:0000000000000078 _ZN6ThreadC2EPFvPvES0_
     /tmp/cccAOPjJ.s:197    .text:0000000000000078 .L0 
     /tmp/cccAOPjJ.s:199    .text:0000000000000078 .L0 
     /tmp/cccAOPjJ.s:200    .text:000000000000007c .L0 
     /tmp/cccAOPjJ.s:202    .text:0000000000000080 .L0 
     /tmp/cccAOPjJ.s:204    .text:0000000000000084 .L0 
     /tmp/cccAOPjJ.s:1033   .data.rel.ro.local._ZTV6Thread:0000000000000000 _ZTV6Thread
     /tmp/cccAOPjJ.s:207    .text:0000000000000084 .L0 
     /tmp/cccAOPjJ.s:210    .text:0000000000000090 .L0 
     /tmp/cccAOPjJ.s:211    .text:0000000000000090 .L0 
     /tmp/cccAOPjJ.s:213    .text:0000000000000094 .L0 
     /tmp/cccAOPjJ.s:214    .text:0000000000000094 .L0 
     /tmp/cccAOPjJ.s:216    .text:0000000000000098 .L0 
     /tmp/cccAOPjJ.s:217    .text:0000000000000098 .L0 
     /tmp/cccAOPjJ.s:220    .text:000000000000009c .L0 
     /tmp/cccAOPjJ.s:221    .text:00000000000000a0 .L0 
     /tmp/cccAOPjJ.s:222    .text:00000000000000a0 .L0 
     /tmp/cccAOPjJ.s:224    .text:00000000000000a4 .L0 
     /tmp/cccAOPjJ.s:226    .text:00000000000000a8 .L0 
     /tmp/cccAOPjJ.s:194    .text:0000000000000078 _ZN6ThreadC1EPFvPvES0_
     /tmp/cccAOPjJ.s:234    .text:00000000000000a8 _ZN6ThreadC2Ev
     /tmp/cccAOPjJ.s:237    .text:00000000000000a8 .L0 
     /tmp/cccAOPjJ.s:239    .text:00000000000000a8 .L0 
     /tmp/cccAOPjJ.s:240    .text:00000000000000ac .L0 
     /tmp/cccAOPjJ.s:242    .text:00000000000000b0 .L0 
     /tmp/cccAOPjJ.s:244    .text:00000000000000b4 .L0 
     /tmp/cccAOPjJ.s:247    .text:00000000000000b4 .L0 
     /tmp/cccAOPjJ.s:250    .text:00000000000000c0 .L0 
     /tmp/cccAOPjJ.s:251    .text:00000000000000c0 .L0 
     /tmp/cccAOPjJ.s:254    .text:00000000000000cc .L0 
     /tmp/cccAOPjJ.s:255    .text:00000000000000cc .L0 
     /tmp/cccAOPjJ.s:257    .text:00000000000000d0 .L0 
     /tmp/cccAOPjJ.s:258    .text:00000000000000d0 .L0 
     /tmp/cccAOPjJ.s:261    .text:00000000000000d4 .L0 
     /tmp/cccAOPjJ.s:262    .text:00000000000000d8 .L0 
     /tmp/cccAOPjJ.s:263    .text:00000000000000d8 .L0 
     /tmp/cccAOPjJ.s:265    .text:00000000000000dc .L0 
     /tmp/cccAOPjJ.s:267    .text:00000000000000e0 .L0 
GAS LISTING /tmp/cccAOPjJ.s 			page 26


     /tmp/cccAOPjJ.s:234    .text:00000000000000a8 _ZN6ThreadC1Ev
     /tmp/cccAOPjJ.s:275    .text:00000000000000e0 _ZN6Thread8dispatchEv
     /tmp/cccAOPjJ.s:278    .text:00000000000000e0 .L0 
     /tmp/cccAOPjJ.s:279    .text:00000000000000e0 .L0 
     /tmp/cccAOPjJ.s:280    .text:00000000000000e4 .L0 
     /tmp/cccAOPjJ.s:283    .text:00000000000000ec .L0 
     /tmp/cccAOPjJ.s:284    .text:00000000000000ec .L0 
     /tmp/cccAOPjJ.s:286    .text:00000000000000f0 .L0 
     /tmp/cccAOPjJ.s:288    .text:00000000000000f0 .L0 
     /tmp/cccAOPjJ.s:289    .text:00000000000000f0 .L0 
     /tmp/cccAOPjJ.s:292    .text:00000000000000f8 .L0 
     /tmp/cccAOPjJ.s:293    .text:00000000000000fc .L0 
     /tmp/cccAOPjJ.s:295    .text:0000000000000100 .L0 
     /tmp/cccAOPjJ.s:296    .text:0000000000000100 .L0 
     /tmp/cccAOPjJ.s:298    .text:0000000000000104 .L0 
     /tmp/cccAOPjJ.s:300    .text:0000000000000108 .L0 
     /tmp/cccAOPjJ.s:306    .text:0000000000000108 _ZN6Thread5sleepEm
     /tmp/cccAOPjJ.s:309    .text:0000000000000108 .L0 
     /tmp/cccAOPjJ.s:311    .text:0000000000000108 .L0 
     /tmp/cccAOPjJ.s:312    .text:000000000000010c .L0 
     /tmp/cccAOPjJ.s:315    .text:0000000000000114 .L0 
     /tmp/cccAOPjJ.s:316    .text:0000000000000114 .L0 
     /tmp/cccAOPjJ.s:318    .text:0000000000000118 .L0 
     /tmp/cccAOPjJ.s:320    .text:0000000000000118 .L0 
     /tmp/cccAOPjJ.s:321    .text:0000000000000118 .L0 
     /tmp/cccAOPjJ.s:324    .text:0000000000000120 .L0 
     /tmp/cccAOPjJ.s:325    .text:0000000000000124 .L0 
     /tmp/cccAOPjJ.s:327    .text:0000000000000128 .L0 
     /tmp/cccAOPjJ.s:328    .text:0000000000000128 .L0 
     /tmp/cccAOPjJ.s:330    .text:000000000000012c .L0 
     /tmp/cccAOPjJ.s:332    .text:0000000000000130 .L0 
     /tmp/cccAOPjJ.s:338    .text:0000000000000130 _ZN7Console4getcEv
     /tmp/cccAOPjJ.s:341    .text:0000000000000130 .L0 
     /tmp/cccAOPjJ.s:342    .text:0000000000000130 .L0 
     /tmp/cccAOPjJ.s:343    .text:0000000000000134 .L0 
     /tmp/cccAOPjJ.s:346    .text:000000000000013c .L0 
     /tmp/cccAOPjJ.s:347    .text:000000000000013c .L0 
     /tmp/cccAOPjJ.s:349    .text:0000000000000140 .L0 
     /tmp/cccAOPjJ.s:351    .text:0000000000000140 .L0 
     /tmp/cccAOPjJ.s:352    .text:0000000000000140 .L0 
     /tmp/cccAOPjJ.s:355    .text:0000000000000148 .L0 
     /tmp/cccAOPjJ.s:356    .text:000000000000014c .L0 
     /tmp/cccAOPjJ.s:358    .text:0000000000000150 .L0 
     /tmp/cccAOPjJ.s:359    .text:0000000000000150 .L0 
     /tmp/cccAOPjJ.s:361    .text:0000000000000154 .L0 
     /tmp/cccAOPjJ.s:363    .text:0000000000000158 .L0 
     /tmp/cccAOPjJ.s:369    .text:0000000000000158 _ZN7Console4putcEc
     /tmp/cccAOPjJ.s:372    .text:0000000000000158 .L0 
     /tmp/cccAOPjJ.s:374    .text:0000000000000158 .L0 
     /tmp/cccAOPjJ.s:375    .text:000000000000015c .L0 
     /tmp/cccAOPjJ.s:378    .text:0000000000000164 .L0 
     /tmp/cccAOPjJ.s:379    .text:0000000000000164 .L0 
     /tmp/cccAOPjJ.s:381    .text:0000000000000168 .L0 
     /tmp/cccAOPjJ.s:383    .text:0000000000000168 .L0 
     /tmp/cccAOPjJ.s:384    .text:0000000000000168 .L0 
     /tmp/cccAOPjJ.s:387    .text:0000000000000170 .L0 
     /tmp/cccAOPjJ.s:388    .text:0000000000000174 .L0 
GAS LISTING /tmp/cccAOPjJ.s 			page 27


     /tmp/cccAOPjJ.s:390    .text:0000000000000178 .L0 
     /tmp/cccAOPjJ.s:391    .text:0000000000000178 .L0 
     /tmp/cccAOPjJ.s:393    .text:000000000000017c .L0 
     /tmp/cccAOPjJ.s:395    .text:0000000000000180 .L0 
     /tmp/cccAOPjJ.s:401    .text:0000000000000180 _ZN9SemaphoreC2Ej
     /tmp/cccAOPjJ.s:404    .text:0000000000000180 .L0 
     /tmp/cccAOPjJ.s:406    .text:0000000000000180 .L0 
     /tmp/cccAOPjJ.s:407    .text:0000000000000184 .L0 
     /tmp/cccAOPjJ.s:410    .text:000000000000018c .L0 
     /tmp/cccAOPjJ.s:411    .text:000000000000018c .L0 
     /tmp/cccAOPjJ.s:413    .text:0000000000000190 .L0 
     /tmp/cccAOPjJ.s:416    .text:0000000000000190 .L0 
     /tmp/cccAOPjJ.s:419    .text:000000000000019c .L0 
     /tmp/cccAOPjJ.s:420    .text:000000000000019c .L0 
     /tmp/cccAOPjJ.s:426    .text:00000000000001a8 .L0 
     /tmp/cccAOPjJ.s:427    .text:00000000000001ac .L0 
     /tmp/cccAOPjJ.s:429    .text:00000000000001b0 .L0 
     /tmp/cccAOPjJ.s:430    .text:00000000000001b0 .L0 
     /tmp/cccAOPjJ.s:432    .text:00000000000001b4 .L0 
     /tmp/cccAOPjJ.s:434    .text:00000000000001b8 .L0 
     /tmp/cccAOPjJ.s:401    .text:0000000000000180 _ZN9SemaphoreC1Ej
     /tmp/cccAOPjJ.s:442    .text:00000000000001b8 _ZN6Thread17SetMaximumThreadsEi
     /tmp/cccAOPjJ.s:445    .text:00000000000001b8 .L0 
     /tmp/cccAOPjJ.s:449    .text:00000000000001b8 .L0 
     /tmp/cccAOPjJ.s:450    .text:00000000000001bc .L0 
     /tmp/cccAOPjJ.s:455    .text:00000000000001cc .L0 
     /tmp/cccAOPjJ.s:456    .text:00000000000001cc .L0 
     /tmp/cccAOPjJ.s:457    .text:00000000000001cc .L0 
     /tmp/cccAOPjJ.s:458    .text:00000000000001cc .L0 
     /tmp/cccAOPjJ.s:460    .text:00000000000001d0 .L0 
     /tmp/cccAOPjJ.s:463    .text:00000000000001d4 .L0 
     /tmp/cccAOPjJ.s:464    .text:00000000000001d4 .L0 
     /tmp/cccAOPjJ.s:477    .text:00000000000001f0 .L0 
     /tmp/cccAOPjJ.s:479    .text:00000000000001f8 .L0 
     /tmp/cccAOPjJ.s:480    .text:00000000000001fc .L0 
     /tmp/cccAOPjJ.s:481    .text:00000000000001fc .L0 
     /tmp/cccAOPjJ.s:483    .text:0000000000000200 .L0 
     /tmp/cccAOPjJ.s:484    .text:0000000000000200 .L0 
     /tmp/cccAOPjJ.s:486    .text:0000000000000204 .L0 
     /tmp/cccAOPjJ.s:488    .text:0000000000000208 .L0 
     /tmp/cccAOPjJ.s:490    .text:000000000000020c .L0 
     /tmp/cccAOPjJ.s:493    .text:0000000000000210 .L0 
     /tmp/cccAOPjJ.s:496    .text:0000000000000214 .L0 
     /tmp/cccAOPjJ.s:504    .text:000000000000022c .L0 
     /tmp/cccAOPjJ.s:529    .text:000000000000022c _ZN9Semaphore4waitEv
     /tmp/cccAOPjJ.s:532    .text:000000000000022c .L0 
     /tmp/cccAOPjJ.s:534    .text:000000000000022c .L0 
     /tmp/cccAOPjJ.s:535    .text:0000000000000230 .L0 
     /tmp/cccAOPjJ.s:538    .text:0000000000000238 .L0 
     /tmp/cccAOPjJ.s:539    .text:0000000000000238 .L0 
     /tmp/cccAOPjJ.s:541    .text:000000000000023c .L0 
     /tmp/cccAOPjJ.s:543    .text:000000000000023c .L0 
     /tmp/cccAOPjJ.s:544    .text:000000000000023c .L0 
     /tmp/cccAOPjJ.s:549    .text:0000000000000248 .L0 
     /tmp/cccAOPjJ.s:550    .text:000000000000024c .L0 
     /tmp/cccAOPjJ.s:552    .text:0000000000000250 .L0 
     /tmp/cccAOPjJ.s:553    .text:0000000000000250 .L0 
GAS LISTING /tmp/cccAOPjJ.s 			page 28


     /tmp/cccAOPjJ.s:555    .text:0000000000000254 .L0 
     /tmp/cccAOPjJ.s:557    .text:0000000000000258 .L0 
     /tmp/cccAOPjJ.s:563    .text:0000000000000258 _ZN6Thread5startEv
     /tmp/cccAOPjJ.s:566    .text:0000000000000258 .L0 
     /tmp/cccAOPjJ.s:568    .text:0000000000000258 .L0 
     /tmp/cccAOPjJ.s:569    .text:000000000000025c .L0 
     /tmp/cccAOPjJ.s:573    .text:0000000000000268 .L0 
     /tmp/cccAOPjJ.s:574    .text:0000000000000268 .L0 
     /tmp/cccAOPjJ.s:575    .text:0000000000000268 .L0 
     /tmp/cccAOPjJ.s:577    .text:000000000000026c .L0 
     /tmp/cccAOPjJ.s:580    .text:0000000000000270 .L0 
     /tmp/cccAOPjJ.s:581    .text:0000000000000270 .L0 
     /tmp/cccAOPjJ.s:584    .text:0000000000000278 .L0 
     /tmp/cccAOPjJ.s:586    .text:000000000000027c .L0 
     /tmp/cccAOPjJ.s:587    .text:000000000000027c .L0 
     /tmp/cccAOPjJ.s:591    .text:0000000000000284 .L0 
     /tmp/cccAOPjJ.s:592    .text:0000000000000284 .L0 
     /tmp/cccAOPjJ.s:598    .text:0000000000000298 .L0 
     /tmp/cccAOPjJ.s:599    .text:000000000000029c .L0 
     /tmp/cccAOPjJ.s:601    .text:00000000000002a0 .L0 
     /tmp/cccAOPjJ.s:602    .text:00000000000002a0 .L0 
     /tmp/cccAOPjJ.s:604    .text:00000000000002a4 .L0 
     /tmp/cccAOPjJ.s:607    .text:00000000000002a8 .L0 
     /tmp/cccAOPjJ.s:609    .text:00000000000002ac .L0 
     /tmp/cccAOPjJ.s:615    .text:00000000000002ac _ZN9Semaphore6signalEv
     /tmp/cccAOPjJ.s:618    .text:00000000000002ac .L0 
     /tmp/cccAOPjJ.s:620    .text:00000000000002ac .L0 
     /tmp/cccAOPjJ.s:621    .text:00000000000002b0 .L0 
     /tmp/cccAOPjJ.s:624    .text:00000000000002b8 .L0 
     /tmp/cccAOPjJ.s:625    .text:00000000000002b8 .L0 
     /tmp/cccAOPjJ.s:627    .text:00000000000002bc .L0 
     /tmp/cccAOPjJ.s:629    .text:00000000000002bc .L0 
     /tmp/cccAOPjJ.s:630    .text:00000000000002bc .L0 
     /tmp/cccAOPjJ.s:635    .text:00000000000002c8 .L0 
     /tmp/cccAOPjJ.s:636    .text:00000000000002cc .L0 
     /tmp/cccAOPjJ.s:638    .text:00000000000002d0 .L0 
     /tmp/cccAOPjJ.s:639    .text:00000000000002d0 .L0 
     /tmp/cccAOPjJ.s:641    .text:00000000000002d4 .L0 
     /tmp/cccAOPjJ.s:643    .text:00000000000002d8 .L0 
     /tmp/cccAOPjJ.s:649    .text:00000000000002d8 _ZN6Thread8finishedEv
     /tmp/cccAOPjJ.s:652    .text:00000000000002d8 .L0 
     /tmp/cccAOPjJ.s:653    .text:00000000000002d8 .L0 
     /tmp/cccAOPjJ.s:654    .text:00000000000002d8 .L0 
     /tmp/cccAOPjJ.s:655    .text:00000000000002d8 .L0 
     /tmp/cccAOPjJ.s:657    .text:00000000000002e0 .L0 
     /tmp/cccAOPjJ.s:659    .text:00000000000002e4 .L0 
     /tmp/cccAOPjJ.s:660    .text:00000000000002e8 .L0 
     /tmp/cccAOPjJ.s:663    .text:00000000000002f0 .L0 
     /tmp/cccAOPjJ.s:664    .text:00000000000002f0 .L0 
     /tmp/cccAOPjJ.s:666    .text:00000000000002f4 .L0 
     /tmp/cccAOPjJ.s:668    .text:00000000000002f4 .L0 
     /tmp/cccAOPjJ.s:669    .text:00000000000002f4 .L0 
     /tmp/cccAOPjJ.s:672    .text:00000000000002fc .L0 
     /tmp/cccAOPjJ.s:673    .text:0000000000000300 .L0 
     /tmp/cccAOPjJ.s:675    .text:0000000000000304 .L0 
     /tmp/cccAOPjJ.s:676    .text:0000000000000304 .L0 
     /tmp/cccAOPjJ.s:678    .text:0000000000000308 .L0 
GAS LISTING /tmp/cccAOPjJ.s 			page 29


     /tmp/cccAOPjJ.s:682    .text:0000000000000310 .L0 
     /tmp/cccAOPjJ.s:688    .text:0000000000000310 _ZN6ThreadD2Ev
     /tmp/cccAOPjJ.s:691    .text:0000000000000310 .L0 
     /tmp/cccAOPjJ.s:695    .text:0000000000000310 .L0 
     /tmp/cccAOPjJ.s:696    .text:0000000000000314 .L0 
     /tmp/cccAOPjJ.s:700    .text:0000000000000320 .L0 
     /tmp/cccAOPjJ.s:701    .text:0000000000000320 .L0 
     /tmp/cccAOPjJ.s:702    .text:0000000000000320 .L0 
     /tmp/cccAOPjJ.s:704    .text:0000000000000324 .L0 
     /tmp/cccAOPjJ.s:708    .text:0000000000000328 .L0 
     /tmp/cccAOPjJ.s:711    .text:0000000000000334 .L0 
     /tmp/cccAOPjJ.s:712    .text:0000000000000334 .L0 
     /tmp/cccAOPjJ.s:715    .text:000000000000033c .L0 
     /tmp/cccAOPjJ.s:717    .text:0000000000000340 .L0 
     /tmp/cccAOPjJ.s:718    .text:0000000000000340 .L0 
     /tmp/cccAOPjJ.s:722    .text:0000000000000348 .L0 
     /tmp/cccAOPjJ.s:723    .text:0000000000000348 .L0 
     /tmp/cccAOPjJ.s:726    .text:000000000000034c .L0 
     /tmp/cccAOPjJ.s:732    .text:0000000000000350 .L0 
     /tmp/cccAOPjJ.s:733    .text:0000000000000350 .L0 
     /tmp/cccAOPjJ.s:735    .text:0000000000000354 .L0 
     /tmp/cccAOPjJ.s:737    .text:0000000000000358 .L0 
     /tmp/cccAOPjJ.s:743    .text:0000000000000360 .L0 
     /tmp/cccAOPjJ.s:749    .text:000000000000036c .L0 
     /tmp/cccAOPjJ.s:750    .text:0000000000000370 .L0 
     /tmp/cccAOPjJ.s:752    .text:0000000000000374 .L0 
     /tmp/cccAOPjJ.s:753    .text:0000000000000374 .L0 
     /tmp/cccAOPjJ.s:755    .text:0000000000000378 .L0 
     /tmp/cccAOPjJ.s:757    .text:000000000000037c .L0 
     /tmp/cccAOPjJ.s:759    .text:0000000000000380 .L0 
     /tmp/cccAOPjJ.s:688    .text:0000000000000310 _ZN6ThreadD1Ev
     /tmp/cccAOPjJ.s:774    .text:0000000000000380 _ZN6ThreadD0Ev
     /tmp/cccAOPjJ.s:777    .text:0000000000000380 .L0 
     /tmp/cccAOPjJ.s:779    .text:0000000000000380 .L0 
     /tmp/cccAOPjJ.s:780    .text:0000000000000384 .L0 
     /tmp/cccAOPjJ.s:784    .text:0000000000000390 .L0 
     /tmp/cccAOPjJ.s:785    .text:0000000000000390 .L0 
     /tmp/cccAOPjJ.s:786    .text:0000000000000390 .L0 
     /tmp/cccAOPjJ.s:788    .text:0000000000000394 .L0 
     /tmp/cccAOPjJ.s:791    .text:0000000000000398 .L0 
     /tmp/cccAOPjJ.s:797    .text:00000000000003b0 .L0 
     /tmp/cccAOPjJ.s:799    .text:00000000000003b4 .L0 
     /tmp/cccAOPjJ.s:800    .text:00000000000003b4 .L0 
     /tmp/cccAOPjJ.s:802    .text:00000000000003b8 .L0 
     /tmp/cccAOPjJ.s:805    .text:00000000000003bc .L0 
     /tmp/cccAOPjJ.s:807    .text:00000000000003c0 .L0 
     /tmp/cccAOPjJ.s:814    .text._ZN14PeriodicThreadD2Ev:0000000000000000 _ZN14PeriodicThreadD2Ev
     /tmp/cccAOPjJ.s:817    .text._ZN14PeriodicThreadD2Ev:0000000000000000 .L0 
     /tmp/cccAOPjJ.s:819    .text._ZN14PeriodicThreadD2Ev:0000000000000000 .L0 
     /tmp/cccAOPjJ.s:820    .text._ZN14PeriodicThreadD2Ev:0000000000000004 .L0 
     /tmp/cccAOPjJ.s:823    .text._ZN14PeriodicThreadD2Ev:000000000000000c .L0 
     /tmp/cccAOPjJ.s:824    .text._ZN14PeriodicThreadD2Ev:000000000000000c .L0 
     /tmp/cccAOPjJ.s:826    .text._ZN14PeriodicThreadD2Ev:0000000000000010 .L0 
     /tmp/cccAOPjJ.s:1021   .data.rel.ro.local._ZTV14PeriodicThread:0000000000000000 _ZTV14PeriodicThread
     /tmp/cccAOPjJ.s:829    .text._ZN14PeriodicThreadD2Ev:0000000000000010 .L0 
     /tmp/cccAOPjJ.s:835    .text._ZN14PeriodicThreadD2Ev:0000000000000028 .L0 
     /tmp/cccAOPjJ.s:837    .text._ZN14PeriodicThreadD2Ev:000000000000002c .L0 
GAS LISTING /tmp/cccAOPjJ.s 			page 30


     /tmp/cccAOPjJ.s:838    .text._ZN14PeriodicThreadD2Ev:000000000000002c .L0 
     /tmp/cccAOPjJ.s:840    .text._ZN14PeriodicThreadD2Ev:0000000000000030 .L0 
     /tmp/cccAOPjJ.s:842    .text._ZN14PeriodicThreadD2Ev:0000000000000034 .L0 
     /tmp/cccAOPjJ.s:814    .text._ZN14PeriodicThreadD2Ev:0000000000000000 _ZN14PeriodicThreadD1Ev
     /tmp/cccAOPjJ.s:851    .text._ZN14PeriodicThreadD0Ev:0000000000000000 _ZN14PeriodicThreadD0Ev
     /tmp/cccAOPjJ.s:854    .text._ZN14PeriodicThreadD0Ev:0000000000000000 .L0 
     /tmp/cccAOPjJ.s:856    .text._ZN14PeriodicThreadD0Ev:0000000000000000 .L0 
     /tmp/cccAOPjJ.s:857    .text._ZN14PeriodicThreadD0Ev:0000000000000004 .L0 
     /tmp/cccAOPjJ.s:861    .text._ZN14PeriodicThreadD0Ev:0000000000000010 .L0 
     /tmp/cccAOPjJ.s:862    .text._ZN14PeriodicThreadD0Ev:0000000000000010 .L0 
     /tmp/cccAOPjJ.s:863    .text._ZN14PeriodicThreadD0Ev:0000000000000010 .L0 
     /tmp/cccAOPjJ.s:865    .text._ZN14PeriodicThreadD0Ev:0000000000000014 .L0 
     /tmp/cccAOPjJ.s:871    .text._ZN14PeriodicThreadD0Ev:0000000000000018 .L0 
     /tmp/cccAOPjJ.s:881    .text._ZN14PeriodicThreadD0Ev:000000000000003c .L0 
     /tmp/cccAOPjJ.s:883    .text._ZN14PeriodicThreadD0Ev:0000000000000040 .L0 
     /tmp/cccAOPjJ.s:884    .text._ZN14PeriodicThreadD0Ev:0000000000000040 .L0 
     /tmp/cccAOPjJ.s:886    .text._ZN14PeriodicThreadD0Ev:0000000000000044 .L0 
     /tmp/cccAOPjJ.s:889    .text._ZN14PeriodicThreadD0Ev:0000000000000048 .L0 
     /tmp/cccAOPjJ.s:891    .text._ZN14PeriodicThreadD0Ev:000000000000004c .L0 
     /tmp/cccAOPjJ.s:898    .text:00000000000003c0 _ZN9Semaphore9timedWaitEm
     /tmp/cccAOPjJ.s:901    .text:00000000000003c0 .L0 
     /tmp/cccAOPjJ.s:903    .text:00000000000003c0 .L0 
     /tmp/cccAOPjJ.s:904    .text:00000000000003c4 .L0 
     /tmp/cccAOPjJ.s:906    .text:00000000000003c8 .L0 
     /tmp/cccAOPjJ.s:908    .text:00000000000003cc .L0 
     /tmp/cccAOPjJ.s:910    .text:00000000000003cc .L0 
     /tmp/cccAOPjJ.s:911    .text:00000000000003cc .L0 
     /tmp/cccAOPjJ.s:914    .text:00000000000003d4 .L0 
     /tmp/cccAOPjJ.s:915    .text:00000000000003d4 .L0 
     /tmp/cccAOPjJ.s:917    .text:00000000000003d8 .L0 
     /tmp/cccAOPjJ.s:919    .text:00000000000003dc .L0 
     /tmp/cccAOPjJ.s:925    .text:00000000000003dc _ZN9Semaphore7tryWaitEv
     /tmp/cccAOPjJ.s:928    .text:00000000000003dc .L0 
     /tmp/cccAOPjJ.s:930    .text:00000000000003dc .L0 
     /tmp/cccAOPjJ.s:931    .text:00000000000003e0 .L0 
     /tmp/cccAOPjJ.s:933    .text:00000000000003e4 .L0 
     /tmp/cccAOPjJ.s:935    .text:00000000000003e8 .L0 
     /tmp/cccAOPjJ.s:937    .text:00000000000003e8 .L0 
     /tmp/cccAOPjJ.s:938    .text:00000000000003e8 .L0 
     /tmp/cccAOPjJ.s:941    .text:00000000000003f0 .L0 
     /tmp/cccAOPjJ.s:942    .text:00000000000003f0 .L0 
     /tmp/cccAOPjJ.s:944    .text:00000000000003f4 .L0 
     /tmp/cccAOPjJ.s:946    .text:00000000000003f8 .L0 
     /tmp/cccAOPjJ.s:952    .text:00000000000003f8 _ZN14PeriodicThread9terminateEv
     /tmp/cccAOPjJ.s:955    .text:00000000000003f8 .L0 
     /tmp/cccAOPjJ.s:957    .text:00000000000003f8 .L0 
     /tmp/cccAOPjJ.s:958    .text:00000000000003fc .L0 
     /tmp/cccAOPjJ.s:960    .text:0000000000000400 .L0 
     /tmp/cccAOPjJ.s:962    .text:0000000000000404 .L0 
     /tmp/cccAOPjJ.s:964    .text:0000000000000404 .L0 
     /tmp/cccAOPjJ.s:965    .text:0000000000000408 .L0 
     /tmp/cccAOPjJ.s:966    .text:0000000000000408 .L0 
     /tmp/cccAOPjJ.s:968    .text:000000000000040c .L0 
     /tmp/cccAOPjJ.s:970    .text:0000000000000410 .L0 
     /tmp/cccAOPjJ.s:976    .text:0000000000000410 _ZN14PeriodicThreadC2Em
     /tmp/cccAOPjJ.s:979    .text:0000000000000410 .L0 
     /tmp/cccAOPjJ.s:981    .text:0000000000000410 .L0 
GAS LISTING /tmp/cccAOPjJ.s 			page 31


     /tmp/cccAOPjJ.s:982    .text:0000000000000414 .L0 
     /tmp/cccAOPjJ.s:986    .text:0000000000000420 .L0 
     /tmp/cccAOPjJ.s:987    .text:0000000000000420 .L0 
     /tmp/cccAOPjJ.s:988    .text:0000000000000420 .L0 
     /tmp/cccAOPjJ.s:990    .text:0000000000000424 .L0 
     /tmp/cccAOPjJ.s:994    .text:0000000000000428 .L0 
     /tmp/cccAOPjJ.s:1000   .text:000000000000043c .L0 
     /tmp/cccAOPjJ.s:1001   .text:0000000000000440 .L0 
     /tmp/cccAOPjJ.s:1003   .text:0000000000000444 .L0 
     /tmp/cccAOPjJ.s:1004   .text:0000000000000444 .L0 
     /tmp/cccAOPjJ.s:1006   .text:0000000000000448 .L0 
     /tmp/cccAOPjJ.s:1009   .text:000000000000044c .L0 
     /tmp/cccAOPjJ.s:1011   .text:0000000000000450 .L0 
     /tmp/cccAOPjJ.s:976    .text:0000000000000410 _ZN14PeriodicThreadC1Em
     /tmp/cccAOPjJ.s:1055   .bss:0000000000000000 _ZN6Thread19maxThreadsSemaphoreE
     /tmp/cccAOPjJ.s:1052   .bss:0000000000000000 .LANCHOR0
     /tmp/cccAOPjJ.s:32     .text._ZN6Thread3runEv:0000000000000018 .L0 
     /tmp/cccAOPjJ.s:74     .text._ZN6Thread7wrapperEPv:0000000000000034 .L0 
     /tmp/cccAOPjJ.s:99     .text._ZN14PeriodicThread18periodicActivationEv:0000000000000018 .L0 
     /tmp/cccAOPjJ.s:1063   .text:0000000000000450 .L0 
     /tmp/cccAOPjJ.s:847    .text._ZN14PeriodicThreadD2Ev:0000000000000034 .L0 
     /tmp/cccAOPjJ.s:894    .text._ZN14PeriodicThreadD0Ev:000000000000004c .L0 
     /tmp/cccAOPjJ.s:121    .text:0000000000000010 .L0 
     /tmp/cccAOPjJ.s:207    .text:0000000000000084 .L0 
     /tmp/cccAOPjJ.s:247    .text:00000000000000b4 .L0 
     /tmp/cccAOPjJ.s:251    .text:00000000000000c0 .L0 
     /tmp/cccAOPjJ.s:416    .text:0000000000000190 .L0 
     /tmp/cccAOPjJ.s:477    .text:00000000000001f0 .L0 
     /tmp/cccAOPjJ.s:581    .text:0000000000000270 .L0 
     /tmp/cccAOPjJ.s:655    .text:00000000000002d8 .L0 
     /tmp/cccAOPjJ.s:708    .text:0000000000000328 .L0 
     /tmp/cccAOPjJ.s:712    .text:0000000000000334 .L0 
     /tmp/cccAOPjJ.s:996    .text:0000000000000430 .L0 
     /tmp/cccAOPjJ.s:589    .text:0000000000000284 .L37
     /tmp/cccAOPjJ.s:680    .text:000000000000030c .L44
     /tmp/cccAOPjJ.s:720    .text:0000000000000348 .L48
     /tmp/cccAOPjJ.s:746    .text:000000000000036c .L47
     /tmp/cccAOPjJ.s:739    .text:0000000000000360 .L50
     /tmp/cccAOPjJ.s:69     .text._ZN6Thread7wrapperEPv:0000000000000030 .L6
     /tmp/cccAOPjJ.s:466    .text:00000000000001d8 .LEHB0
     /tmp/cccAOPjJ.s:443    .text:00000000000001b8 .LFB49
     /tmp/cccAOPjJ.s:469    .text:00000000000001e0 .LEHE0
     /tmp/cccAOPjJ.s:472    .text:00000000000001e8 .LEHB1
     /tmp/cccAOPjJ.s:475    .text:00000000000001f0 .LEHE1
     /tmp/cccAOPjJ.s:492    .text:0000000000000210 .L31
     /tmp/cccAOPjJ.s:500    .text:0000000000000224 .LEHB2
     /tmp/cccAOPjJ.s:503    .text:000000000000022c .LEHE2
     /tmp/cccAOPjJ.s:829    .text._ZN14PeriodicThreadD2Ev:0000000000000010 .L0 
     /tmp/cccAOPjJ.s:871    .text._ZN14PeriodicThreadD0Ev:0000000000000018 .L0 
     /tmp/cccAOPjJ.s:3248   .debug_abbrev:0000000000000000 .Ldebug_abbrev0
     /tmp/cccAOPjJ.s:5292   .debug_str:00000000000009c3 .LASF192
     /tmp/cccAOPjJ.s:5102   .debug_str:00000000000004b2 .LASF193
     /tmp/cccAOPjJ.s:5340   .debug_str:0000000000000c28 .LASF194
     /tmp/cccAOPjJ.s:4938   .debug_ranges:0000000000000000 .Ldebug_ranges0
     /tmp/cccAOPjJ.s:4954   .debug_line:0000000000000000 .Ldebug_line0
     /tmp/cccAOPjJ.s:5092   .debug_str:0000000000000476 .LASF0
     /tmp/cccAOPjJ.s:5120   .debug_str:0000000000000561 .LASF1
GAS LISTING /tmp/cccAOPjJ.s 			page 32


     /tmp/cccAOPjJ.s:5212   .debug_str:00000000000007c3 .LASF2
     /tmp/cccAOPjJ.s:5224   .debug_str:0000000000000818 .LASF4
     /tmp/cccAOPjJ.s:5104   .debug_str:00000000000004c6 .LASF3
     /tmp/cccAOPjJ.s:4972   .debug_str:000000000000009f .LASF5
     /tmp/cccAOPjJ.s:5182   .debug_str:0000000000000702 .LASF6
     /tmp/cccAOPjJ.s:5172   .debug_str:00000000000006b4 .LASF7
     /tmp/cccAOPjJ.s:5114   .debug_str:0000000000000539 .LASF8
     /tmp/cccAOPjJ.s:5062   .debug_str:0000000000000349 .LASF9
     /tmp/cccAOPjJ.s:5076   .debug_str:00000000000003fd .LASF10
     /tmp/cccAOPjJ.s:5010   .debug_str:00000000000001ac .LASF11
     /tmp/cccAOPjJ.s:5056   .debug_str:0000000000000322 .LASF12
     /tmp/cccAOPjJ.s:5022   .debug_str:0000000000000218 .LASF13
     /tmp/cccAOPjJ.s:5008   .debug_str:000000000000019c .LASF14
     /tmp/cccAOPjJ.s:5260   .debug_str:00000000000008fa .LASF15
     /tmp/cccAOPjJ.s:5046   .debug_str:00000000000002b3 .LASF16
     /tmp/cccAOPjJ.s:5246   .debug_str:0000000000000897 .LASF17
     /tmp/cccAOPjJ.s:5272   .debug_str:0000000000000942 .LASF195
     /tmp/cccAOPjJ.s:5226   .debug_str:000000000000081f .LASF22
     /tmp/cccAOPjJ.s:4968   .debug_str:0000000000000089 .LASF24
     /tmp/cccAOPjJ.s:5274   .debug_str:000000000000094a .LASF18
     /tmp/cccAOPjJ.s:5150   .debug_str:0000000000000618 .LASF20
     /tmp/cccAOPjJ.s:5216   .debug_str:00000000000007e0 .LASF19
     /tmp/cccAOPjJ.s:5002   .debug_str:000000000000016d .LASF21
     /tmp/cccAOPjJ.s:4992   .debug_str:0000000000000118 .LASF23
     /tmp/cccAOPjJ.s:5306   .debug_str:0000000000000af5 .LASF25
     /tmp/cccAOPjJ.s:5276   .debug_str:0000000000000955 .LASF26
     /tmp/cccAOPjJ.s:5052   .debug_str:0000000000000306 .LASF27
     /tmp/cccAOPjJ.s:5128   .debug_str:0000000000000595 .LASF28
     /tmp/cccAOPjJ.s:5320   .debug_str:0000000000000b89 .LASF29
     /tmp/cccAOPjJ.s:5238   .debug_str:000000000000086e .LASF30
     /tmp/cccAOPjJ.s:5020   .debug_str:0000000000000204 .LASF31
     /tmp/cccAOPjJ.s:5252   .debug_str:00000000000008c6 .LASF32
     /tmp/cccAOPjJ.s:5234   .debug_str:000000000000084f .LASF33
     /tmp/cccAOPjJ.s:5354   .debug_str:0000000000000ca9 .LASF34
     /tmp/cccAOPjJ.s:5350   .debug_str:0000000000000c7e .LASF35
     /tmp/cccAOPjJ.s:5258   .debug_str:00000000000008ed .LASF36
     /tmp/cccAOPjJ.s:5322   .debug_str:0000000000000ba2 .LASF37
     /tmp/cccAOPjJ.s:5162   .debug_str:000000000000065a .LASF39
     /tmp/cccAOPjJ.s:5356   .debug_str:0000000000000cb5 .LASF38
     /tmp/cccAOPjJ.s:5122   .debug_str:0000000000000574 .LASF40
     /tmp/cccAOPjJ.s:5006   .debug_str:0000000000000189 .LASF41
     /tmp/cccAOPjJ.s:5168   .debug_str:0000000000000686 .LASF42
     /tmp/cccAOPjJ.s:5124   .debug_str:000000000000057c .LASF43
     /tmp/cccAOPjJ.s:5296   .debug_str:0000000000000a9a .LASF45
     /tmp/cccAOPjJ.s:5290   .debug_str:00000000000009bb .LASF137
     /tmp/cccAOPjJ.s:5086   .debug_str:0000000000000453 .LASF59
     /tmp/cccAOPjJ.s:5038   .debug_str:000000000000027b .LASF44
     /tmp/cccAOPjJ.s:5018   .debug_str:00000000000001f1 .LASF46
     /tmp/cccAOPjJ.s:5268   .debug_str:000000000000092e .LASF47
     /tmp/cccAOPjJ.s:5024   .debug_str:0000000000000228 .LASF48
     /tmp/cccAOPjJ.s:5176   .debug_str:00000000000006cc .LASF49
     /tmp/cccAOPjJ.s:5146   .debug_str:0000000000000601 .LASF50
     /tmp/cccAOPjJ.s:4958   .debug_str:000000000000002a .LASF51
     /tmp/cccAOPjJ.s:5300   .debug_str:0000000000000ac1 .LASF52
     /tmp/cccAOPjJ.s:5360   .debug_str:0000000000000cd7 .LASF53
     /tmp/cccAOPjJ.s:5304   .debug_str:0000000000000aed .LASF54
     /tmp/cccAOPjJ.s:5244   .debug_str:000000000000088e .LASF55
GAS LISTING /tmp/cccAOPjJ.s 			page 33


     /tmp/cccAOPjJ.s:5158   .debug_str:000000000000064b .LASF56
     /tmp/cccAOPjJ.s:4984   .debug_str:00000000000000fc .LASF57
     /tmp/cccAOPjJ.s:5316   .debug_str:0000000000000b72 .LASF58
     /tmp/cccAOPjJ.s:4998   .debug_str:0000000000000142 .LASF196
     /tmp/cccAOPjJ.s:5130   .debug_str:00000000000005a2 .LASF197
     /tmp/cccAOPjJ.s:5230   .debug_str:000000000000082c .LASF60
     /tmp/cccAOPjJ.s:5030   .debug_str:0000000000000243 .LASF110
     /tmp/cccAOPjJ.s:4966   .debug_str:0000000000000061 .LASF112
     /tmp/cccAOPjJ.s:5220   .debug_str:00000000000007fc .LASF61
     /tmp/cccAOPjJ.s:5346   .debug_str:0000000000000c6d .LASF62
     /tmp/cccAOPjJ.s:5332   .debug_str:0000000000000beb .LASF63
     /tmp/cccAOPjJ.s:5148   .debug_str:0000000000000613 .LASF64
     /tmp/cccAOPjJ.s:5248   .debug_str:00000000000008ad .LASF65
     /tmp/cccAOPjJ.s:5044   .debug_str:000000000000029c .LASF66
     /tmp/cccAOPjJ.s:5032   .debug_str:0000000000000251 .LASF117
     /tmp/cccAOPjJ.s:5204   .debug_str:0000000000000780 .LASF119
     /tmp/cccAOPjJ.s:5116   .debug_str:000000000000054c .LASF67
     /tmp/cccAOPjJ.s:5000   .debug_str:0000000000000150 .LASF68
     /tmp/cccAOPjJ.s:5134   .debug_str:00000000000005ca .LASF69
     /tmp/cccAOPjJ.s:5048   .debug_str:00000000000002c9 .LASF70
     /tmp/cccAOPjJ.s:5170   .debug_str:00000000000006a8 .LASF71
     /tmp/cccAOPjJ.s:5334   .debug_str:0000000000000bf5 .LASF72
     /tmp/cccAOPjJ.s:5372   .debug_str:0000000000000d2f .LASF73
     /tmp/cccAOPjJ.s:5314   .debug_str:0000000000000b57 .LASF74
     /tmp/cccAOPjJ.s:5028   .debug_str:000000000000023e .LASF198
     /tmp/cccAOPjJ.s:5178   .debug_str:00000000000006e2 .LASF75
     /tmp/cccAOPjJ.s:5084   .debug_str:0000000000000431 .LASF76
     /tmp/cccAOPjJ.s:5236   .debug_str:0000000000000863 .LASF77
     /tmp/cccAOPjJ.s:5112   .debug_str:000000000000051c .LASF78
     /tmp/cccAOPjJ.s:5196   .debug_str:0000000000000759 .LASF79
     /tmp/cccAOPjJ.s:4964   .debug_str:0000000000000047 .LASF80
     /tmp/cccAOPjJ.s:5004   .debug_str:0000000000000182 .LASF81
     /tmp/cccAOPjJ.s:5302   .debug_str:0000000000000acb .LASF82
     /tmp/cccAOPjJ.s:5254   .debug_str:00000000000008d0 .LASF83
     /tmp/cccAOPjJ.s:5152   .debug_str:000000000000062f .LASF84
     /tmp/cccAOPjJ.s:5338   .debug_str:0000000000000c1a .LASF85
     /tmp/cccAOPjJ.s:5138   .debug_str:00000000000005e2 .LASF86
     /tmp/cccAOPjJ.s:5330   .debug_str:0000000000000be2 .LASF87
     /tmp/cccAOPjJ.s:5348   .debug_str:0000000000000c78 .LASF88
     /tmp/cccAOPjJ.s:5034   .debug_str:000000000000025b .LASF199
     /tmp/cccAOPjJ.s:5200   .debug_str:0000000000000772 .LASF89
     /tmp/cccAOPjJ.s:4996   .debug_str:0000000000000136 .LASF90
     /tmp/cccAOPjJ.s:5040   .debug_str:0000000000000284 .LASF91
     /tmp/cccAOPjJ.s:5242   .debug_str:000000000000087f .LASF92
     /tmp/cccAOPjJ.s:5264   .debug_str:000000000000090f .LASF93
     /tmp/cccAOPjJ.s:5166   .debug_str:0000000000000675 .LASF94
     /tmp/cccAOPjJ.s:4986   .debug_str:0000000000000102 .LASF95
     /tmp/cccAOPjJ.s:5082   .debug_str:000000000000041d .LASF96
     /tmp/cccAOPjJ.s:5270   .debug_str:000000000000093a .LASF97
     /tmp/cccAOPjJ.s:5108   .debug_str:00000000000004f0 .LASF98
     /tmp/cccAOPjJ.s:4982   .debug_str:00000000000000f6 .LASF99
     /tmp/cccAOPjJ.s:5136   .debug_str:00000000000005d2 .LASF100
     /tmp/cccAOPjJ.s:5090   .debug_str:0000000000000470 .LASF101
     /tmp/cccAOPjJ.s:5184   .debug_str:0000000000000709 .LASF102
     /tmp/cccAOPjJ.s:4962   .debug_str:000000000000003f .LASF103
     /tmp/cccAOPjJ.s:4976   .debug_str:00000000000000bd .LASF104
     /tmp/cccAOPjJ.s:5098   .debug_str:000000000000049a .LASF105
GAS LISTING /tmp/cccAOPjJ.s 			page 34


     /tmp/cccAOPjJ.s:5250   .debug_str:00000000000008c0 .LASF106
     /tmp/cccAOPjJ.s:5336   .debug_str:0000000000000c13 .LASF107
     /tmp/cccAOPjJ.s:5228   .debug_str:0000000000000824 .LASF108
     /tmp/cccAOPjJ.s:5140   .debug_str:00000000000005e7 .LASF109
     /tmp/cccAOPjJ.s:5096   .debug_str:0000000000000495 .LASF179
     /tmp/cccAOPjJ.s:5342   .debug_str:0000000000000c49 .LASF200
     /tmp/cccAOPjJ.s:5144   .debug_str:00000000000005fc .LASF111
     /tmp/cccAOPjJ.s:5042   .debug_str:0000000000000289 .LASF113
     /tmp/cccAOPjJ.s:5278   .debug_str:0000000000000960 .LASF114
     /tmp/cccAOPjJ.s:5186   .debug_str:0000000000000719 .LASF115
     /tmp/cccAOPjJ.s:5286   .debug_str:0000000000000990 .LASF126
     /tmp/cccAOPjJ.s:5362   .debug_str:0000000000000cdd .LASF128
     /tmp/cccAOPjJ.s:5282   .debug_str:000000000000096f .LASF116
     /tmp/cccAOPjJ.s:5192   .debug_str:0000000000000744 .LASF118
     /tmp/cccAOPjJ.s:5232   .debug_str:000000000000083d .LASF120
     /tmp/cccAOPjJ.s:5014   .debug_str:00000000000001cd .LASF121
     /tmp/cccAOPjJ.s:4974   .debug_str:00000000000000a6 .LASF122
     /tmp/cccAOPjJ.s:5110   .debug_str:0000000000000502 .LASF123
     /tmp/cccAOPjJ.s:5106   .debug_str:00000000000004d8 .LASF124
     /tmp/cccAOPjJ.s:5080   .debug_str:0000000000000416 .LASF125
     /tmp/cccAOPjJ.s:4994   .debug_str:0000000000000124 .LASF127
     /tmp/cccAOPjJ.s:5206   .debug_str:0000000000000797 .LASF129
     /tmp/cccAOPjJ.s:5364   .debug_str:0000000000000ced .LASF130
     /tmp/cccAOPjJ.s:5240   .debug_str:0000000000000877 .LASF131
     /tmp/cccAOPjJ.s:5368   .debug_str:0000000000000d17 .LASF132
     /tmp/cccAOPjJ.s:5358   .debug_str:0000000000000cd1 .LASF133
     /tmp/cccAOPjJ.s:5126   .debug_str:0000000000000582 .LASF134
     /tmp/cccAOPjJ.s:5164   .debug_str:000000000000065f .LASF135
     /tmp/cccAOPjJ.s:5294   .debug_str:0000000000000a87 .LASF136
     /tmp/cccAOPjJ.s:5218   .debug_str:00000000000007ea .LASF149
     /tmp/cccAOPjJ.s:5064   .debug_str:0000000000000359 .LASF201
     /tmp/cccAOPjJ.s:5036   .debug_str:0000000000000267 .LASF138
     /tmp/cccAOPjJ.s:5310   .debug_str:0000000000000b26 .LASF139
     /tmp/cccAOPjJ.s:5100   .debug_str:00000000000004a3 .LASF140
     /tmp/cccAOPjJ.s:5344   .debug_str:0000000000000c5c .LASF202
     /tmp/cccAOPjJ.s:5324   .debug_str:0000000000000bc2 .LASF203
     /tmp/cccAOPjJ.s:5288   .debug_str:00000000000009a5 .LASF204
     /tmp/cccAOPjJ.s:5050   .debug_str:00000000000002e5 .LASF205
     /tmp/cccAOPjJ.s:5088   .debug_str:0000000000000460 .LASF206
     /tmp/cccAOPjJ.s:5016   .debug_str:00000000000001e2 .LASF141
     /tmp/cccAOPjJ.s:5308   .debug_str:0000000000000b0c .LASF142
     /tmp/cccAOPjJ.s:5312   .debug_str:0000000000000b3c .LASF143
     /tmp/cccAOPjJ.s:5280   .debug_str:0000000000000965 .LASF144
     /tmp/cccAOPjJ.s:5068   .debug_str:000000000000039a .LASF145
     /tmp/cccAOPjJ.s:5266   .debug_str:0000000000000916 .LASF146
     /tmp/cccAOPjJ.s:5072   .debug_str:00000000000003d2 .LASF147
     /tmp/cccAOPjJ.s:4956   .debug_str:0000000000000000 .LASF207
     /tmp/cccAOPjJ.s:4990   .debug_str:0000000000000111 .LASF148
     /tmp/cccAOPjJ.s:5154   .debug_str:0000000000000634 .LASF150
     /tmp/cccAOPjJ.s:5070   .debug_str:00000000000003ba .LASF208
     /tmp/cccAOPjJ.s:5058   .debug_str:0000000000000331 .LASF151
     /tmp/cccAOPjJ.s:4970   .debug_str:0000000000000095 .LASF152
     /tmp/cccAOPjJ.s:5374   .debug_str:0000000000000d39 .LASF153
     /tmp/cccAOPjJ.s:852    .text._ZN14PeriodicThreadD0Ev:0000000000000000 .LFB74
     /tmp/cccAOPjJ.s:892    .text._ZN14PeriodicThreadD0Ev:000000000000004c .LFE74
     /tmp/cccAOPjJ.s:4597   .debug_loc:0000000000000000 .LLST15
     /tmp/cccAOPjJ.s:868    .text._ZN14PeriodicThreadD0Ev:0000000000000018 .LBB17
GAS LISTING /tmp/cccAOPjJ.s 			page 35


     /tmp/cccAOPjJ.s:876    .text._ZN14PeriodicThreadD0Ev:000000000000002c .LBE17
     /tmp/cccAOPjJ.s:4615   .debug_loc:000000000000004c .LLST16
     /tmp/cccAOPjJ.s:874    .text._ZN14PeriodicThreadD0Ev:000000000000002c .LVL56
     /tmp/cccAOPjJ.s:879    .text._ZN14PeriodicThreadD0Ev:0000000000000038 .LVL57
     /tmp/cccAOPjJ.s:5210   .debug_str:00000000000007ab .LASF154
     /tmp/cccAOPjJ.s:815    .text._ZN14PeriodicThreadD2Ev:0000000000000000 .LFB72
     /tmp/cccAOPjJ.s:843    .text._ZN14PeriodicThreadD2Ev:0000000000000034 .LFE72
     /tmp/cccAOPjJ.s:4626   .debug_loc:0000000000000082 .LLST14
     /tmp/cccAOPjJ.s:832    .text._ZN14PeriodicThreadD2Ev:0000000000000024 .LVL53
     /tmp/cccAOPjJ.s:5256   .debug_str:00000000000008d5 .LASF155
     /tmp/cccAOPjJ.s:977    .text:0000000000000410 .LFB66
     /tmp/cccAOPjJ.s:1012   .text:0000000000000450 .LFE66
     /tmp/cccAOPjJ.s:4640   .debug_loc:00000000000000bb .LLST19
     /tmp/cccAOPjJ.s:4658   .debug_loc:0000000000000107 .LLST20
     /tmp/cccAOPjJ.s:995    .text:0000000000000430 .LVL65
     /tmp/cccAOPjJ.s:953    .text:00000000000003f8 .LFB64
     /tmp/cccAOPjJ.s:971    .text:0000000000000410 .LFE64
     /tmp/cccAOPjJ.s:926    .text:00000000000003dc .LFB63
     /tmp/cccAOPjJ.s:947    .text:00000000000003f8 .LFE63
     /tmp/cccAOPjJ.s:4672   .debug_loc:0000000000000140 .LLST18
     /tmp/cccAOPjJ.s:899    .text:00000000000003c0 .LFB62
     /tmp/cccAOPjJ.s:920    .text:00000000000003dc .LFE62
     /tmp/cccAOPjJ.s:4686   .debug_loc:0000000000000179 .LLST17
     /tmp/cccAOPjJ.s:616    .text:00000000000002ac .LFB61
     /tmp/cccAOPjJ.s:644    .text:00000000000002d8 .LFE61
     /tmp/cccAOPjJ.s:4700   .debug_loc:00000000000001b2 .LLST10
     /tmp/cccAOPjJ.s:633    .text:00000000000002c8 .LVL39
     /tmp/cccAOPjJ.s:530    .text:000000000000022c .LFB60
     /tmp/cccAOPjJ.s:558    .text:0000000000000258 .LFE60
     /tmp/cccAOPjJ.s:4714   .debug_loc:00000000000001eb .LLST8
     /tmp/cccAOPjJ.s:547    .text:0000000000000248 .LVL31
     /tmp/cccAOPjJ.s:5094   .debug_str:0000000000000483 .LASF156
     /tmp/cccAOPjJ.s:156    .text:0000000000000038 .LFB59
     /tmp/cccAOPjJ.s:189    .text:0000000000000078 .LFE59
     /tmp/cccAOPjJ.s:4728   .debug_loc:0000000000000224 .LLST2
     /tmp/cccAOPjJ.s:173    .text:0000000000000058 .LVL9
     /tmp/cccAOPjJ.s:176    .text:0000000000000064 .LVL10
     /tmp/cccAOPjJ.s:4980   .debug_str:00000000000000e4 .LASF157
     /tmp/cccAOPjJ.s:104    .text:0000000000000000 .LFB57
     /tmp/cccAOPjJ.s:140    .text:0000000000000038 .LFE57
     /tmp/cccAOPjJ.s:4746   .debug_loc:0000000000000270 .LLST1
     /tmp/cccAOPjJ.s:128    .text:0000000000000028 .LVL7
     /tmp/cccAOPjJ.s:4988   .debug_str:000000000000010c .LASF158
     /tmp/cccAOPjJ.s:5012   .debug_str:00000000000001bb .LASF159
     /tmp/cccAOPjJ.s:402    .text:0000000000000180 .LFB54
     /tmp/cccAOPjJ.s:435    .text:00000000000001b8 .LFE54
     /tmp/cccAOPjJ.s:4760   .debug_loc:00000000000002a9 .LLST5
     /tmp/cccAOPjJ.s:4780   .debug_loc:00000000000002f7 .LLST6
     /tmp/cccAOPjJ.s:423    .text:00000000000001a8 .LVL22
     /tmp/cccAOPjJ.s:370    .text:0000000000000158 .LFB52
     /tmp/cccAOPjJ.s:396    .text:0000000000000180 .LFE52
     /tmp/cccAOPjJ.s:4794   .debug_loc:0000000000000330 .LLST4
     /tmp/cccAOPjJ.s:385    .text:0000000000000170 .LVL19
     /tmp/cccAOPjJ.s:339    .text:0000000000000130 .LFB51
     /tmp/cccAOPjJ.s:364    .text:0000000000000158 .LFE51
     /tmp/cccAOPjJ.s:353    .text:0000000000000148 .LVL17
     /tmp/cccAOPjJ.s:564    .text:0000000000000258 .LFB50
GAS LISTING /tmp/cccAOPjJ.s 			page 36


     /tmp/cccAOPjJ.s:610    .text:00000000000002ac .LFE50
     /tmp/cccAOPjJ.s:4808   .debug_loc:0000000000000369 .LLST9
     /tmp/cccAOPjJ.s:588    .text:0000000000000284 .LVL34
     /tmp/cccAOPjJ.s:596    .text:0000000000000298 .LVL35
     /tmp/cccAOPjJ.s:505    .text:000000000000022c .LFE49
     /tmp/cccAOPjJ.s:5328   .debug_str:0000000000000bd3 .LASF160
     /tmp/cccAOPjJ.s:4826   .debug_loc:00000000000003b5 .LLST7
     /tmp/cccAOPjJ.s:468    .text:00000000000001e0 .LVL25
     /tmp/cccAOPjJ.s:474    .text:00000000000001f0 .LVL26
     /tmp/cccAOPjJ.s:498    .text:0000000000000220 .LVL27
     /tmp/cccAOPjJ.s:502    .text:000000000000022c .LVL28
     /tmp/cccAOPjJ.s:307    .text:0000000000000108 .LFB48
     /tmp/cccAOPjJ.s:333    .text:0000000000000130 .LFE48
     /tmp/cccAOPjJ.s:5174   .debug_str:00000000000006c7 .LASF161
     /tmp/cccAOPjJ.s:4840   .debug_loc:00000000000003ee .LLST3
     /tmp/cccAOPjJ.s:322    .text:0000000000000120 .LVL16
     /tmp/cccAOPjJ.s:5132   .debug_str:00000000000005bb .LASF162
     /tmp/cccAOPjJ.s:775    .text:0000000000000380 .LFB47
     /tmp/cccAOPjJ.s:808    .text:00000000000003c0 .LFE47
     /tmp/cccAOPjJ.s:4854   .debug_loc:0000000000000427 .LLST13
     /tmp/cccAOPjJ.s:792    .text:00000000000003a0 .LVL49
     /tmp/cccAOPjJ.s:795    .text:00000000000003ac .LVL50
     /tmp/cccAOPjJ.s:5188   .debug_str:0000000000000723 .LASF163
     /tmp/cccAOPjJ.s:689    .text:0000000000000310 .LFB45
     /tmp/cccAOPjJ.s:760    .text:0000000000000380 .LFE45
     /tmp/cccAOPjJ.s:4872   .debug_loc:0000000000000473 .LLST11
     /tmp/cccAOPjJ.s:728    .text:0000000000000350 .LBB14
     /tmp/cccAOPjJ.s:741    .text:0000000000000360 .LBE14
     /tmp/cccAOPjJ.s:4890   .debug_loc:00000000000004bf .LLST12
     /tmp/cccAOPjJ.s:738    .text:0000000000000360 .LVL46
     /tmp/cccAOPjJ.s:719    .text:0000000000000348 .LVL43
     /tmp/cccAOPjJ.s:745    .text:000000000000036c .LVL47
     /tmp/cccAOPjJ.s:276    .text:00000000000000e0 .LFB43
     /tmp/cccAOPjJ.s:301    .text:0000000000000108 .LFE43
     /tmp/cccAOPjJ.s:290    .text:00000000000000f8 .LVL14
     /tmp/cccAOPjJ.s:650    .text:00000000000002d8 .LFB42
     /tmp/cccAOPjJ.s:683    .text:0000000000000310 .LFE42
     /tmp/cccAOPjJ.s:670    .text:00000000000002fc .LVL40
     /tmp/cccAOPjJ.s:5214   .debug_str:00000000000007d1 .LASF164
     /tmp/cccAOPjJ.s:235    .text:00000000000000a8 .LFB40
     /tmp/cccAOPjJ.s:268    .text:00000000000000e0 .LFE40
     /tmp/cccAOPjJ.s:5298   .debug_str:0000000000000aaa .LASF165
     /tmp/cccAOPjJ.s:195    .text:0000000000000078 .LFB37
     /tmp/cccAOPjJ.s:227    .text:00000000000000a8 .LFE37
     /tmp/cccAOPjJ.s:79     .text._ZN14PeriodicThread18periodicActivationEv:0000000000000000 .LFB35
     /tmp/cccAOPjJ.s:97     .text._ZN14PeriodicThread18periodicActivationEv:0000000000000018 .LFE35
     /tmp/cccAOPjJ.s:37     .text._ZN6Thread7wrapperEPv:0000000000000000 .LFB34
     /tmp/cccAOPjJ.s:72     .text._ZN6Thread7wrapperEPv:0000000000000034 .LFE34
     /tmp/cccAOPjJ.s:5208   .debug_str:00000000000007a4 .LASF166
     /tmp/cccAOPjJ.s:4897   .debug_loc:00000000000004e2 .LLST0
     /tmp/cccAOPjJ.s:58     .text._ZN6Thread7wrapperEPv:0000000000000020 .LVL2
     /tmp/cccAOPjJ.s:11     .text._ZN6Thread3runEv:0000000000000000 .LFB33
     /tmp/cccAOPjJ.s:30     .text._ZN6Thread3runEv:0000000000000018 .LFE33
     /tmp/cccAOPjJ.s:5118   .debug_str:0000000000000555 .LASF209
     /tmp/cccAOPjJ.s:5160   .debug_str:0000000000000653 .LASF167
     /tmp/cccAOPjJ.s:4960   .debug_str:000000000000002f .LASF169
     /tmp/cccAOPjJ.s:5352   .debug_str:0000000000000c95 .LASF168
GAS LISTING /tmp/cccAOPjJ.s 			page 37


     /tmp/cccAOPjJ.s:5078   .debug_str:000000000000040b .LASF170
     /tmp/cccAOPjJ.s:5222   .debug_str:0000000000000807 .LASF171
     /tmp/cccAOPjJ.s:5370   .debug_str:0000000000000d26 .LASF172
     /tmp/cccAOPjJ.s:5190   .debug_str:0000000000000732 .LASF173
     /tmp/cccAOPjJ.s:5194   .debug_str:000000000000074f .LASF174
     /tmp/cccAOPjJ.s:5060   .debug_str:0000000000000336 .LASF175
     /tmp/cccAOPjJ.s:5202   .debug_str:0000000000000777 .LASF176
     /tmp/cccAOPjJ.s:5262   .debug_str:0000000000000906 .LASF177
     /tmp/cccAOPjJ.s:5326   .debug_str:0000000000000bca .LASF178
     /tmp/cccAOPjJ.s:5066   .debug_str:0000000000000379 .LASF180
     /tmp/cccAOPjJ.s:5318   .debug_str:0000000000000b7b .LASF181
     /tmp/cccAOPjJ.s:5054   .debug_str:000000000000031c .LASF182
     /tmp/cccAOPjJ.s:5142   .debug_str:00000000000005ef .LASF183
     /tmp/cccAOPjJ.s:5284   .debug_str:0000000000000981 .LASF186
     /tmp/cccAOPjJ.s:5074   .debug_str:00000000000003e5 .LASF188
     /tmp/cccAOPjJ.s:5180   .debug_str:00000000000006f2 .LASF184
     /tmp/cccAOPjJ.s:5026   .debug_str:0000000000000233 .LASF185
     /tmp/cccAOPjJ.s:5156   .debug_str:0000000000000644 .LASF187
     /tmp/cccAOPjJ.s:5366   .debug_str:0000000000000d04 .LASF189
     /tmp/cccAOPjJ.s:4978   .debug_str:00000000000000cf .LASF190
     /tmp/cccAOPjJ.s:5198   .debug_str:0000000000000762 .LASF191
     /tmp/cccAOPjJ.s:855    .text._ZN14PeriodicThreadD0Ev:0000000000000000 .LVL54
     /tmp/cccAOPjJ.s:887    .text._ZN14PeriodicThreadD0Ev:0000000000000044 .LVL58
     /tmp/cccAOPjJ.s:867    .text._ZN14PeriodicThreadD0Ev:0000000000000018 .LVL55
     /tmp/cccAOPjJ.s:818    .text._ZN14PeriodicThreadD2Ev:0000000000000000 .LVL52
     /tmp/cccAOPjJ.s:980    .text:0000000000000410 .LVL64
     /tmp/cccAOPjJ.s:1007   .text:0000000000000448 .LVL66
     /tmp/cccAOPjJ.s:929    .text:00000000000003dc .LVL61
     /tmp/cccAOPjJ.s:939    .text:00000000000003ec .LVL62
     /tmp/cccAOPjJ.s:902    .text:00000000000003c0 .LVL59
     /tmp/cccAOPjJ.s:912    .text:00000000000003d0 .LVL60
     /tmp/cccAOPjJ.s:619    .text:00000000000002ac .LVL37
     /tmp/cccAOPjJ.s:631    .text:00000000000002c0 .LVL38
     /tmp/cccAOPjJ.s:533    .text:000000000000022c .LVL29
     /tmp/cccAOPjJ.s:545    .text:0000000000000240 .LVL30
     /tmp/cccAOPjJ.s:159    .text:0000000000000038 .LVL8
     /tmp/cccAOPjJ.s:184    .text:0000000000000070 .LVL11
     /tmp/cccAOPjJ.s:110    .text:0000000000000000 .LVL5
     /tmp/cccAOPjJ.s:126    .text:0000000000000020 .LVL6
     /tmp/cccAOPjJ.s:405    .text:0000000000000180 .LVL20
     /tmp/cccAOPjJ.s:421    .text:00000000000001a0 .LVL21
     /tmp/cccAOPjJ.s:373    .text:0000000000000158 .LVL18
     /tmp/cccAOPjJ.s:567    .text:0000000000000258 .LVL32
     /tmp/cccAOPjJ.s:582    .text:0000000000000278 .LVL33
     /tmp/cccAOPjJ.s:605    .text:00000000000002a4 .LVL36
     /tmp/cccAOPjJ.s:448    .text:00000000000001b8 .LVL23
     /tmp/cccAOPjJ.s:465    .text:00000000000001d8 .LVL24
     /tmp/cccAOPjJ.s:310    .text:0000000000000108 .LVL15
     /tmp/cccAOPjJ.s:778    .text:0000000000000380 .LVL48
     /tmp/cccAOPjJ.s:803    .text:00000000000003b8 .LVL51
     /tmp/cccAOPjJ.s:694    .text:0000000000000310 .LVL41
     /tmp/cccAOPjJ.s:713    .text:000000000000033c .LVL42
     /tmp/cccAOPjJ.s:724    .text:000000000000034c .LVL44
     /tmp/cccAOPjJ.s:727    .text:0000000000000350 .LVL45
     /tmp/cccAOPjJ.s:40     .text._ZN6Thread7wrapperEPv:0000000000000000 .LVL1
     /tmp/cccAOPjJ.s:68     .text._ZN6Thread7wrapperEPv:0000000000000030 .LVL3
     /tmp/cccAOPjJ.s:1064   .debug_info:0000000000000000 .Ldebug_info0
GAS LISTING /tmp/cccAOPjJ.s 			page 38


     /tmp/cccAOPjJ.s:5      .text:0000000000000000 .Ltext0
     /tmp/cccAOPjJ.s:1058   .text:0000000000000450 .Letext0
     /tmp/cccAOPjJ.s:143    .gcc_except_table:0000000000000000 .LLSDA57
     /tmp/cccAOPjJ.s:507    .gcc_except_table:0000000000000004 .LLSDA49
     /tmp/cccAOPjJ.s:762    .gcc_except_table:000000000000002f .LLSDA45
                           .group:0000000000000000 _ZN14PeriodicThreadD5Ev

UNDEFINED SYMBOLS
_Z9sem_closeP3sem
__gxx_personality_v0
_ZdlPv
_Z15thread_dispatchv
_Z10time_sleepm
_Z4getcv
_Z4putcc
_Z8sem_openPP3semj
_Znwm
_Unwind_Resume
_Z8sem_waitP3sem
_Z13thread_createPP3TCBPFvPvES2_
_Z10sem_signalP3sem
_ZdaPv
